index,build,test_index,numRounds,file_size,key_size,threads,debits,LATENCY,REQ,run_index
0,local,0,1,8,8,2,100,0.000563,52.87,0
1,local,0,1,8,8,2,100,0.0009,51.95,1
2,local,0,1,8,8,2,100,0.000725,51.79,2
3,local,1,10,8,8,2,100,0.00132,52.35,0
4,local,1,10,8,8,2,100,0.00094,51.79,1
5,local,1,10,8,8,2,100,0.00126,52.01,2
6,local,2,100,8,8,2,100,0.00128,52.12,0
7,local,2,100,8,8,2,100,0.00108,51.91,1
8,local,2,100,8,8,2,100,0.00092,51.88,2
9,local,3,1,16,8,2,100,0.00086,52.32,0
10,local,3,1,16,8,2,100,0.000752,52.24,1
11,local,3,1,16,8,2,100,0.00128,52.01,2
12,local,4,10,16,8,2,100,0.00113,52.13,0
13,local,4,10,16,8,2,100,0.00115,51.91,1
14,local,4,10,16,8,2,100,0.00109,51.86,2
15,local,5,100,16,8,2,100,0.00101,52.3,0
16,local,5,100,16,8,2,100,0.00113,52.05,1
17,local,5,100,16,8,2,100,0.000364,52.71,2
18,local,6,1,32,8,2,100,0.0008,52.21,0
19,local,6,1,32,8,2,100,0.000738,52.09,1
20,local,6,1,32,8,2,100,0.00087,52.38,2
21,local,7,10,32,8,2,100,0.000656,52.04,0
22,local,7,10,32,8,2,100,0.00113,52.86,1
23,local,7,10,32,8,2,100,0.00767,52.36,2
24,local,8,100,32,8,2,100,0.0011,52.22,0
25,local,8,100,32,8,2,100,0.0009,52.81,1
26,local,8,100,32,8,2,100,0.00102,52.39,2
27,local,9,1,64,8,2,100,0.001,52.42,0
28,local,9,1,64,8,2,100,0.000602,52.68,1
29,local,9,1,64,8,2,100,0.00145,52.19,2
30,local,10,10,64,8,2,100,0.0062900000000000005,52.81,0
31,local,10,10,64,8,2,100,0.000434,52.36,1
32,local,10,10,64,8,2,100,0.00087,52.63,2
33,local,11,100,64,8,2,100,0.00171,52.09,0
34,local,11,100,64,8,2,100,0.0014199999999999998,52.44,1
35,local,11,100,64,8,2,100,0.00101,53.36,2
36,local,12,1,8,16,2,100,0.000789,51.78,0
37,local,12,1,8,16,2,100,0.00085,52.17,1
38,local,12,1,8,16,2,100,0.00113,51.9,2
39,local,13,10,8,16,2,100,0.000414,52.33,0
40,local,13,10,8,16,2,100,0.000565,52.01,1
41,local,13,10,8,16,2,100,0.000768,51.77,2
42,local,14,100,8,16,2,100,0.00116,52.53,0
43,local,14,100,8,16,2,100,0.00147,51.86,1
44,local,14,100,8,16,2,100,0.0012900000000000001,51.7,2
45,local,15,1,16,16,2,100,0.00108,52.29,0
46,local,15,1,16,16,2,100,0.00087,52.01,1
47,local,15,1,16,16,2,100,0.00109,52.63,2
48,local,16,10,16,16,2,100,0.000453,52.15,0
49,local,16,10,16,16,2,100,0.000583,51.89,1
50,local,16,10,16,16,2,100,0.000214,52.76,2
51,local,17,100,16,16,2,100,0.000848,51.62,0
52,local,17,100,16,16,2,100,0.00133,52.29,1
53,local,17,100,16,16,2,100,0.0015300000000000001,52.17,2
54,local,18,1,32,16,2,100,0.000728,52.34,0
55,local,18,1,32,16,2,100,0.00091,52.27,1
56,local,18,1,32,16,2,100,0.00077,52.08,2
57,local,19,10,32,16,2,100,0.00123,52.03,0
58,local,19,10,32,16,2,100,0.00094,52.14,1
59,local,19,10,32,16,2,100,0.00095,52.74,2
60,local,20,100,32,16,2,100,0.0017900000000000001,52.25,0
61,local,20,100,32,16,2,100,0.000551,52.57,1
62,local,20,100,32,16,2,100,0.000667,52.11,2
63,local,21,1,64,16,2,100,0.00071,52.78,0
64,local,21,1,64,16,2,100,0.000653,52.57,1
65,local,21,1,64,16,2,100,0.000264,52.74,2
66,local,22,10,64,16,2,100,0.000702,52.12,0
67,local,22,10,64,16,2,100,0.00091,52.52,1
68,local,22,10,64,16,2,100,0.00078,52.4,2
69,local,23,100,64,16,2,100,0.00134,52.34,0
70,local,23,100,64,16,2,100,0.00212,51.93,1
71,local,23,100,64,16,2,100,0.00228,52.61,2
72,local,24,1,8,32,2,100,0.000258,52.73,0
73,local,24,1,8,32,2,100,0.00125,51.96,1
74,local,24,1,8,32,2,100,0.000473,52.76,2
75,local,25,10,8,32,2,100,0.000782,51.77,0
76,local,25,10,8,32,2,100,0.000427,53.06,1
77,local,25,10,8,32,2,100,0.00126,51.99,2
78,local,26,100,8,32,2,100,0.000538,52.55,0
79,local,26,100,8,32,2,100,0.000348,53.19,1
80,local,26,100,8,32,2,100,0.00086,52.14,2
81,local,27,1,16,32,2,100,0.000805,51.82,0
82,local,27,1,16,32,2,100,0.000371,52.53,1
83,local,27,1,16,32,2,100,0.000573,52.13,2
84,local,28,10,16,32,2,100,0.01586,51.76,0
85,local,28,10,16,32,2,100,0.000579,52.38,1
86,local,28,10,16,32,2,100,0.000583,52.77,2
87,local,29,100,16,32,2,100,0.00092,51.78,0
88,local,29,100,16,32,2,100,0.00128,52.19,1
89,local,29,100,16,32,2,100,0.00165,52.11,2
90,local,30,1,32,32,2,100,0.000827,52.19,0
91,local,30,1,32,32,2,100,0.000428,52.64,1
92,local,30,1,32,32,2,100,0.00046,52.64,2
93,local,31,10,32,32,2,100,0.00017,52.93,0
94,local,31,10,32,32,2,100,0.000593,53.02,1
95,local,31,10,32,32,2,100,0.000569,51.54,2
96,local,32,100,32,32,2,100,0.00093,52.72,0
97,local,32,100,32,32,2,100,0.00141,52.25,1
98,local,32,100,32,32,2,100,0.00115,51.72,2
99,local,33,1,64,32,2,100,0.000842,52.32,0
100,local,33,1,64,32,2,100,0.000486,52.14,1
101,local,33,1,64,32,2,100,0.000495,52.09,2
102,local,34,10,64,32,2,100,0.000685,51.92,0
103,local,34,10,64,32,2,100,0.000458,52.49,1
104,local,34,10,64,32,2,100,0.000796,52.36,2
105,local,35,100,64,32,2,100,0.003,52.17,0
106,local,35,100,64,32,2,100,0.00131,51.97,1
107,local,35,100,64,32,2,100,0.000555,53.12,2
108,local,36,1,8,64,2,100,0.000842,52.56,0
109,local,36,1,8,64,2,100,0.0009599999999999999,52.42,1
110,local,36,1,8,64,2,100,0.000818,51.73,2
111,local,37,10,8,64,2,100,0.000794,52.67,0
112,local,37,10,8,64,2,100,0.000545,52.22,1
113,local,37,10,8,64,2,100,0.000559,52.92,2
114,local,38,100,8,64,2,100,0.00086,53.14,0
115,local,38,100,8,64,2,100,0.00128,52.74,1
116,local,38,100,8,64,2,100,0.000678,52.66,2
117,local,39,1,16,64,2,100,0.00102,52.95,0
118,local,39,1,16,64,2,100,0.000497,53.04,1
119,local,39,1,16,64,2,100,0.000797,52.34,2
120,local,40,10,16,64,2,100,0.000795,52.34,0
121,local,40,10,16,64,2,100,0.000495,52.67,1
122,local,40,10,16,64,2,100,0.00043,52.52,2
123,local,41,100,16,64,2,100,0.0011,52.42,0
124,local,41,100,16,64,2,100,0.00133,52.15,1
125,local,41,100,16,64,2,100,0.000618,52.21,2
126,local,42,1,32,64,2,100,0.000284,52.34,0
127,local,42,1,32,64,2,100,0.0011,52.21,1
128,local,42,1,32,64,2,100,0.00121,52.22,2
129,local,43,10,32,64,2,100,0.0011200000000000001,52.03,0
130,local,43,10,32,64,2,100,0.000839,52.7,1
131,local,43,10,32,64,2,100,0.0012,52.02,2
132,local,44,100,32,64,2,100,0.0016200000000000001,52.17,0
133,local,44,100,32,64,2,100,0.00075,52.65,1
134,local,44,100,32,64,2,100,0.00115,52.82,2
135,local,45,1,64,64,2,100,0.000712,52.18,0
136,local,45,1,64,64,2,100,0.00108,52.42,1
137,local,45,1,64,64,2,100,0.00077,52.3,2
138,local,46,10,64,64,2,100,0.00083,52.19,0
139,local,46,10,64,64,2,100,0.00094,52.03,1
140,local,46,10,64,64,2,100,0.00107,52.29,2
141,local,47,100,64,64,2,100,0.00425,52.45,0
142,local,47,100,64,64,2,100,0.0041600000000000005,51.88,1
143,local,47,100,64,64,2,100,0.00454,52.42,2
144,local,48,1,8,8,4,100,0.00108,26.13,0
145,local,48,1,8,8,4,100,0.00113,26.27,1
146,local,48,1,8,8,4,100,0.00095,26.38,2
147,local,49,10,8,8,4,100,0.00116,26.19,0
148,local,49,10,8,8,4,100,0.0010400000000000001,25.87,1
149,local,49,10,8,8,4,100,0.00092,26.19,2
150,local,50,100,8,8,4,100,0.00116,26.46,0
151,local,50,100,8,8,4,100,0.0009699999999999999,26.1,1
152,local,50,100,8,8,4,100,0.000732,26.32,2
153,local,51,1,16,8,4,100,0.000283,25.51,0
154,local,51,1,16,8,4,100,0.31232,25.87,1
155,local,51,1,16,8,4,100,0.00088,25.76,2
156,local,52,10,16,8,4,100,0.02838,25.87,0
157,local,52,10,16,8,4,100,0.000785,25.68,1
158,local,52,10,16,8,4,100,0.000252,25.43,2
159,local,53,100,16,8,4,100,0.000391,25.98,0
160,local,53,100,16,8,4,100,0.00109,25.8,1
161,local,53,100,16,8,4,100,0.00085,25.96,2
162,local,54,1,32,8,4,100,0.000787,26.16,0
163,local,54,1,32,8,4,100,0.00093,26.18,1
164,local,54,1,32,8,4,100,0.00086,26.17,2
165,local,55,10,32,8,4,100,0.0010500000000000002,26.21,0
166,local,55,10,32,8,4,100,0.00088,26.18,1
167,local,55,10,32,8,4,100,0.00165,26.2,2
168,local,56,100,32,8,4,100,0.00095,26.08,0
169,local,56,100,32,8,4,100,0.00131,26.19,1
170,local,56,100,32,8,4,100,0.000821,26.14,2
171,local,57,1,64,8,4,100,0.00099,26.11,0
172,local,57,1,64,8,4,100,0.0011799999999999998,26.1,1
173,local,57,1,64,8,4,100,0.00102,26.08,2
174,local,58,10,64,8,4,100,0.000829,26.0,0
175,local,58,10,64,8,4,100,0.00099,26.21,1
176,local,58,10,64,8,4,100,0.000799,26.09,2
177,local,59,100,64,8,4,100,0.00175,26.53,0
178,local,59,100,64,8,4,100,0.00244,26.15,1
179,local,59,100,64,8,4,100,0.0017900000000000001,26.34,2
180,local,60,1,8,16,4,100,0.000848,26.11,0
181,local,60,1,8,16,4,100,0.0009599999999999999,26.09,1
182,local,60,1,8,16,4,100,0.00091,26.35,2
183,local,61,10,8,16,4,100,0.000802,26.08,0
184,local,61,10,8,16,4,100,0.000412,26.1,1
185,local,61,10,8,16,4,100,0.25856,25.96,2
186,local,62,100,8,16,4,100,0.00086,26.08,0
187,local,62,100,8,16,4,100,0.000474,25.47,1
188,local,62,100,8,16,4,100,0.000264,25.82,2
189,local,63,1,16,16,4,100,0.000303,25.49,0
190,local,63,1,16,16,4,100,0.000455,25.61,1
191,local,63,1,16,16,4,100,0.000354,25.6,2
192,local,64,10,16,16,4,100,0.000226,25.57,0
193,local,64,10,16,16,4,100,0.000307,25.54,1
194,local,64,10,16,16,4,100,0.00022,25.47,2
195,local,65,100,16,16,4,100,0.000234,25.5,0
196,local,65,100,16,16,4,100,0.000206,25.45,1
197,local,65,100,16,16,4,100,0.00021,26.0,2
198,local,66,1,32,16,4,100,0.000194,25.41,0
199,local,66,1,32,16,4,100,0.000229,25.39,1
200,local,66,1,32,16,4,100,0.00021,25.42,2
201,local,67,10,32,16,4,100,0.000314,25.41,0
202,local,67,10,32,16,4,100,0.00108,26.27,1
203,local,67,10,32,16,4,100,0.00101,26.21,2
204,local,68,100,32,16,4,100,0.000622,25.71,0
205,local,68,100,32,16,4,100,0.00123,26.12,1
206,local,68,100,32,16,4,100,0.00113,25.66,2
207,local,69,1,64,16,4,100,0.001,25.78,0
208,local,69,1,64,16,4,100,0.00094,26.0,1
209,local,69,1,64,16,4,100,0.00103,26.25,2
210,local,70,10,64,16,4,100,0.00088,26.01,0
211,local,70,10,64,16,4,100,0.000797,25.89,1
212,local,70,10,64,16,4,100,0.00115,25.9,2
213,local,71,100,64,16,4,100,0.00242,26.23,0
214,local,71,100,64,16,4,100,0.00239,25.84,1
215,local,71,100,64,16,4,100,0.00268,26.19,2
216,local,72,1,8,32,4,100,0.00111,26.13,0
217,local,72,1,8,32,4,100,0.000708,26.31,1
218,local,72,1,8,32,4,100,0.00091,25.55,2
219,local,73,10,8,32,4,100,0.00189,26.14,0
220,local,73,10,8,32,4,100,0.000521,25.91,1
221,local,73,10,8,32,4,100,0.000697,26.06,2
222,local,74,100,8,32,4,100,0.0011799999999999998,26.07,0
223,local,74,100,8,32,4,100,0.00103,26.22,1
224,local,74,100,8,32,4,100,0.0009699999999999999,25.67,2
225,local,75,1,16,32,4,100,0.000736,26.07,0
226,local,75,1,16,32,4,100,0.00095,25.78,1
227,local,75,1,16,32,4,100,0.000816,25.92,2
228,local,76,10,16,32,4,100,0.00103,26.43,0
229,local,76,10,16,32,4,100,0.00146,25.9,1
230,local,76,10,16,32,4,100,0.0008900000000000001,26.09,2
231,local,77,100,16,32,4,100,0.00026,26.01,0
232,local,77,100,16,32,4,100,0.0017,26.01,1
233,local,77,100,16,32,4,100,0.000623,25.68,2
234,local,78,1,32,32,4,100,0.000807,25.73,0
235,local,78,1,32,32,4,100,0.0012,26.19,1
236,local,78,1,32,32,4,100,0.00088,26.02,2
237,local,79,10,32,32,4,100,0.000458,25.87,0
238,local,79,10,32,32,4,100,0.0016699999999999998,25.59,1
239,local,79,10,32,32,4,100,0.00113,25.85,2
240,local,80,100,32,32,4,100,0.0011899999999999999,26.04,0
241,local,80,100,32,32,4,100,0.00171,26.25,1
242,local,80,100,32,32,4,100,0.000802,25.99,2
243,local,81,1,64,32,4,100,0.000663,26.09,0
244,local,81,1,64,32,4,100,0.000568,26.13,1
245,local,81,1,64,32,4,100,0.00123,26.2,2
246,local,82,10,64,32,4,100,0.000824,26.13,0
247,local,82,10,64,32,4,100,0.00092,25.77,1
248,local,82,10,64,32,4,100,0.0009599999999999999,25.64,2
249,local,83,100,64,32,4,100,0.0044,26.1,0
250,local,83,100,64,32,4,100,0.00249,26.16,1
251,local,83,100,64,32,4,100,0.00292,26.23,2
252,local,84,1,8,64,4,100,0.00122,26.11,0
253,local,84,1,8,64,4,100,0.000743,25.54,1
254,local,84,1,8,64,4,100,0.000578,26.01,2
255,local,85,10,8,64,4,100,0.00101,26.13,0
256,local,85,10,8,64,4,100,0.00095,26.05,1
257,local,85,10,8,64,4,100,0.0009,26.03,2
258,local,86,100,8,64,4,100,0.0011799999999999998,26.36,0
259,local,86,100,8,64,4,100,0.0014299999999999998,26.02,1
260,local,86,100,8,64,4,100,0.000801,25.65,2
261,local,87,1,16,64,4,100,0.000597,26.16,0
262,local,87,1,16,64,4,100,0.00116,26.41,1
263,local,87,1,16,64,4,100,0.00145,25.97,2
264,local,88,10,16,64,4,100,0.00132,26.21,0
265,local,88,10,16,64,4,100,0.00049,25.79,1
266,local,88,10,16,64,4,100,0.00106,25.68,2
267,local,89,100,16,64,4,100,0.0016899999999999999,26.11,0
268,local,89,100,16,64,4,100,0.0014399999999999999,25.81,1
269,local,89,100,16,64,4,100,0.00182,25.95,2
270,local,90,1,32,64,4,100,0.000686,25.86,0
271,local,90,1,32,64,4,100,0.000466,25.88,1
272,local,90,1,32,64,4,100,0.000627,26.12,2
273,local,91,10,32,64,4,100,0.00122,26.37,0
274,local,91,10,32,64,4,100,0.0020099999999999996,26.22,1
275,local,91,10,32,64,4,100,0.00102,25.89,2
276,local,92,100,32,64,4,100,0.00272,26.05,0
277,local,92,100,32,64,4,100,0.0009599999999999999,25.66,1
278,local,92,100,32,64,4,100,0.0019399999999999999,26.23,2
279,local,93,1,64,64,4,100,0.00139,26.22,0
280,local,93,1,64,64,4,100,0.0009,26.2,1
281,local,93,1,64,64,4,100,0.00101,25.86,2
282,local,94,10,64,64,4,100,0.00139,25.99,0
283,local,94,10,64,64,4,100,0.00152,26.2,1
284,local,94,10,64,64,4,100,0.0013700000000000001,26.38,2
285,local,95,100,64,64,4,100,0.00348,26.15,0
286,local,95,100,64,64,4,100,0.00534,26.28,1
287,local,95,100,64,64,4,100,0.00481,26.15,2
288,local,96,1,8,8,6,100,0.0011200000000000001,16.56,0
289,local,96,1,8,8,6,100,0.0010400000000000001,16.5,1
290,local,96,1,8,8,6,100,0.00113,16.76,2
291,local,97,10,8,8,6,100,0.00114,16.8,0
292,local,97,10,8,8,6,100,0.00127,16.62,1
293,local,97,10,8,8,6,100,0.00102,16.45,2
294,local,98,100,8,8,6,100,0.001,16.65,0
295,local,98,100,8,8,6,100,0.00111,16.56,1
296,local,98,100,8,8,6,100,0.000465,16.39,2
297,local,99,1,16,8,6,100,0.0010400000000000001,16.6,0
298,local,99,1,16,8,6,100,0.0010500000000000002,16.83,1
299,local,99,1,16,8,6,100,0.00094,16.49,2
300,local,100,10,16,8,6,100,0.0009699999999999999,16.51,0
301,local,100,10,16,8,6,100,0.0010400000000000001,16.49,1
302,local,100,10,16,8,6,100,0.00092,16.71,2
303,local,101,100,16,8,6,100,0.00111,16.44,0
304,local,101,100,16,8,6,100,0.000792,16.47,1
305,local,101,100,16,8,6,100,0.000769,16.5,2
306,local,102,1,32,8,6,100,0.0011799999999999998,16.68,0
307,local,102,1,32,8,6,100,0.00121,16.61,1
308,local,102,1,32,8,6,100,0.00101,16.33,2
309,local,103,10,32,8,6,100,0.00134,16.55,0
310,local,103,10,32,8,6,100,0.000759,16.5,1
311,local,103,10,32,8,6,100,0.000391,16.47,2
312,local,104,100,32,8,6,100,0.00053,16.46,0
313,local,104,100,32,8,6,100,0.01044,16.49,1
314,local,104,100,32,8,6,100,0.000369,16.59,2
315,local,105,1,64,8,6,100,0.000536,16.47,0
316,local,105,1,64,8,6,100,0.000201,16.36,1
317,local,105,1,64,8,6,100,0.000391,16.38,2
318,local,106,10,64,8,6,100,0.00116,16.28,0
319,local,106,10,64,8,6,100,0.000499,16.38,1
320,local,106,10,64,8,6,100,0.000686,16.36,2
321,local,107,100,64,8,6,100,0.00127,16.43,0
322,local,107,100,64,8,6,100,0.00123,16.56,1
323,local,107,100,64,8,6,100,0.00087,16.51,2
324,local,108,1,8,16,6,100,0.000572,16.45,0
325,local,108,1,8,16,6,100,0.000597,16.43,1
326,local,108,1,8,16,6,100,0.00058,16.36,2
327,local,109,10,8,16,6,100,0.000238,16.39,0
328,local,109,10,8,16,6,100,0.00099,16.45,1
329,local,109,10,8,16,6,100,0.000229,16.35,2
330,local,110,100,8,16,6,100,0.000281,16.47,0
331,local,110,100,8,16,6,100,0.000461,16.44,1
332,local,110,100,8,16,6,100,0.00092,16.36,2
333,local,111,1,16,16,6,100,0.000451,16.46,0
334,local,111,1,16,16,6,100,0.000241,16.32,1
335,local,111,1,16,16,6,100,0.000594,16.51,2
336,local,112,10,16,16,6,100,0.000469,16.46,0
337,local,112,10,16,16,6,100,0.000429,16.43,1
338,local,112,10,16,16,6,100,0.000333,16.39,2
339,local,113,100,16,16,6,100,0.000389,16.41,0
340,local,113,100,16,16,6,100,0.000416,16.56,1
341,local,113,100,16,16,6,100,0.000589,16.44,2
342,local,114,1,32,16,6,100,0.00095,16.56,0
343,local,114,1,32,16,6,100,0.000611,16.57,1
344,local,114,1,32,16,6,100,0.000639,16.42,2
345,local,115,10,32,16,6,100,0.00125,16.39,0
346,local,115,10,32,16,6,100,0.000447,16.35,1
347,local,115,10,32,16,6,100,0.000579,16.36,2
348,local,116,100,32,16,6,100,0.00091,16.52,0
349,local,116,100,32,16,6,100,0.00095,16.69,1
350,local,116,100,32,16,6,100,0.000705,16.45,2
351,local,117,1,64,16,6,100,0.000517,16.46,0
352,local,117,1,64,16,6,100,0.000682,16.39,1
353,local,117,1,64,16,6,100,0.000531,16.54,2
354,local,118,10,64,16,6,100,0.00111,16.64,0
355,local,118,10,64,16,6,100,0.000672,16.67,1
356,local,118,10,64,16,6,100,0.000495,16.39,2
357,local,119,100,64,16,6,100,0.00156,16.63,0
358,local,119,100,64,16,6,100,0.000788,16.58,1
359,local,119,100,64,16,6,100,0.0020800000000000003,16.63,2
360,local,120,1,8,32,6,100,0.000656,16.51,0
361,local,120,1,8,32,6,100,0.000579,16.48,1
362,local,120,1,8,32,6,100,0.00103,16.43,2
363,local,121,10,8,32,6,100,0.000425,16.33,0
364,local,121,10,8,32,6,100,0.000491,16.58,1
365,local,121,10,8,32,6,100,0.000646,16.52,2
366,local,122,100,8,32,6,100,0.000214,16.39,0
367,local,122,100,8,32,6,100,0.000346,16.44,1
368,local,122,100,8,32,6,100,0.000498,16.5,2
369,local,123,1,16,32,6,100,0.000829,16.41,0
370,local,123,1,16,32,6,100,0.000706,16.55,1
371,local,123,1,16,32,6,100,0.00052,16.54,2
372,local,124,10,16,32,6,100,0.000588,16.41,0
373,local,124,10,16,32,6,100,0.00059,16.49,1
374,local,124,10,16,32,6,100,0.000706,16.41,2
375,local,125,100,16,32,6,100,0.000254,16.41,0
376,local,125,100,16,32,6,100,0.000459,16.41,1
377,local,125,100,16,32,6,100,0.000626,16.57,2
378,local,126,1,32,32,6,100,0.000197,16.35,0
379,local,126,1,32,32,6,100,0.000229,16.4,1
380,local,126,1,32,32,6,100,0.000522,16.44,2
381,local,127,10,32,32,6,100,0.000547,16.57,0
382,local,127,10,32,32,6,100,0.000228,16.41,1
383,local,127,10,32,32,6,100,0.000623,16.47,2
384,local,128,100,32,32,6,100,0.00163,16.64,0
385,local,128,100,32,32,6,100,0.00106,16.48,1
386,local,128,100,32,32,6,100,0.00075,16.66,2
387,local,129,1,64,32,6,100,0.000501,16.51,0
388,local,129,1,64,32,6,100,0.000526,16.5,1
389,local,129,1,64,32,6,100,0.000813,16.48,2
390,local,130,10,64,32,6,100,0.00127,16.58,0
391,local,130,10,64,32,6,100,0.00116,16.48,1
392,local,130,10,64,32,6,100,0.000743,16.6,2
393,local,131,100,64,32,6,100,0.0025499999999999997,16.58,0
394,local,131,100,64,32,6,100,0.00252,16.82,1
395,local,131,100,64,32,6,100,0.00189,16.52,2
396,local,132,1,8,64,6,100,0.00186,16.47,0
397,local,132,1,8,64,6,100,0.00103,16.54,1
398,local,132,1,8,64,6,100,0.000737,16.29,2
399,local,133,10,8,64,6,100,0.000709,16.51,0
400,local,133,10,8,64,6,100,0.000227,16.27,1
401,local,133,10,8,64,6,100,0.000318,16.49,2
402,local,134,100,8,64,6,100,0.000437,16.37,0
403,local,134,100,8,64,6,100,0.00184,16.62,1
404,local,134,100,8,64,6,100,0.000249,16.41,2
405,local,135,1,16,64,6,100,0.0010500000000000002,16.44,0
406,local,135,1,16,64,6,100,0.0010400000000000001,16.48,1
407,local,135,1,16,64,6,100,0.000345,16.4,2
408,local,136,10,16,64,6,100,0.000393,16.54,0
409,local,136,10,16,64,6,100,0.000563,16.44,1
410,local,136,10,16,64,6,100,0.000221,16.31,2
411,local,137,100,16,64,6,100,0.0011899999999999999,16.62,0
412,local,137,100,16,64,6,100,0.0014399999999999999,16.56,1
413,local,137,100,16,64,6,100,0.00228,16.62,2
414,local,138,1,32,64,6,100,0.000467,16.44,0
415,local,138,1,32,64,6,100,0.000698,16.48,1
416,local,138,1,32,64,6,100,0.000506,16.37,2
417,local,139,10,32,64,6,100,0.00077,16.58,0
418,local,139,10,32,64,6,100,0.000475,16.43,1
419,local,139,10,32,64,6,100,0.000469,16.52,2
420,local,140,100,32,64,6,100,0.0011200000000000001,16.49,0
421,local,140,100,32,64,6,100,0.00088,16.61,1
422,local,140,100,32,64,6,100,0.00126,16.56,2
423,local,141,1,64,64,6,100,0.000558,16.55,0
424,local,141,1,64,64,6,100,0.00102,16.59,1
425,local,141,1,64,64,6,100,0.000665,16.35,2
426,local,142,10,64,64,6,100,0.00077,16.44,0
427,local,142,10,64,64,6,100,0.00098,16.57,1
428,local,142,10,64,64,6,100,0.000256,16.39,2
429,local,143,100,64,64,6,100,0.00265,16.87,0
430,local,143,100,64,64,6,100,0.00252,16.61,1
431,local,143,100,64,64,6,100,0.0024500000000000004,16.57,2
432,local,144,1,8,8,8,100,0.000625,12.44,0
433,local,144,1,8,8,8,100,0.000315,12.18,1
434,local,144,1,8,8,8,100,0.000595,12.29,2
435,local,145,10,8,8,8,100,0.000279,12.22,0
436,local,145,10,8,8,8,100,0.000412,12.28,1
437,local,145,10,8,8,8,100,0.000534,12.21,2
438,local,146,100,8,8,8,100,0.000823,12.29,0
439,local,146,100,8,8,8,100,0.000376,12.21,1
440,local,146,100,8,8,8,100,0.000298,12.32,2
441,local,147,1,16,8,8,100,0.000492,12.35,0
442,local,147,1,16,8,8,100,0.000517,12.14,1
443,local,147,1,16,8,8,100,0.00035,12.33,2
444,local,148,10,16,8,8,100,0.00029,12.21,0
445,local,148,10,16,8,8,100,0.00108,12.32,1
446,local,148,10,16,8,8,100,0.000706,12.32,2
447,local,149,100,16,8,8,100,0.000655,12.42,0
448,local,149,100,16,8,8,100,0.00125,12.37,1
449,local,149,100,16,8,8,100,0.000776,12.33,2
450,local,150,1,32,8,8,100,0.000359,12.24,0
451,local,150,1,32,8,8,100,0.000792,12.38,1
452,local,150,1,32,8,8,100,0.000489,12.23,2
453,local,151,10,32,8,8,100,0.0009,12.23,0
454,local,151,10,32,8,8,100,0.000406,12.26,1
455,local,151,10,32,8,8,100,0.0008900000000000001,12.38,2
456,local,152,100,32,8,8,100,0.000294,12.29,0
457,local,152,100,32,8,8,100,0.00145,12.31,1
458,local,152,100,32,8,8,100,0.000233,12.22,2
459,local,153,1,64,8,8,100,0.000453,12.49,0
460,local,153,1,64,8,8,100,0.000484,12.24,1
461,local,153,1,64,8,8,100,0.000621,12.26,2
462,local,154,10,64,8,8,100,0.000716,12.33,0
463,local,154,10,64,8,8,100,0.00098,12.22,1
464,local,154,10,64,8,8,100,0.000651,12.42,2
465,local,155,100,64,8,8,100,0.00087,12.27,0
466,local,155,100,64,8,8,100,0.0011799999999999998,12.39,1
467,local,155,100,64,8,8,100,0.00369,12.48,2
468,local,156,1,8,16,8,100,0.000697,12.3,0
469,local,156,1,8,16,8,100,0.000581,12.25,1
470,local,156,1,8,16,8,100,0.000655,12.28,2
471,local,157,10,8,16,8,100,0.000178,12.2,0
472,local,157,10,8,16,8,100,0.000545,12.26,1
473,local,157,10,8,16,8,100,0.000529,12.28,2
474,local,158,100,8,16,8,100,0.000747,12.56,0
475,local,158,100,8,16,8,100,0.000587,12.47,1
476,local,158,100,8,16,8,100,0.000476,12.3,2
477,local,159,1,16,16,8,100,0.000747,12.28,0
478,local,159,1,16,16,8,100,0.000344,12.25,1
479,local,159,1,16,16,8,100,0.00183,12.29,2
480,local,160,10,16,16,8,100,0.000593,12.25,0
481,local,160,10,16,16,8,100,0.000323,12.21,1
482,local,160,10,16,16,8,100,0.000216,12.28,2
483,local,161,100,16,16,8,100,0.000297,12.23,0
484,local,161,100,16,16,8,100,0.000847,12.63,1
485,local,161,100,16,16,8,100,0.001,12.43,2
486,local,162,1,32,16,8,100,0.00086,12.25,0
487,local,162,1,32,16,8,100,0.000409,12.23,1
488,local,162,1,32,16,8,100,0.000288,12.24,2
489,local,163,10,32,16,8,100,0.0012900000000000001,12.29,0
490,local,163,10,32,16,8,100,0.000569,12.31,1
491,local,163,10,32,16,8,100,0.00115,12.35,2
492,local,164,100,32,16,8,100,0.00093,12.32,0
493,local,164,100,32,16,8,100,0.000532,12.3,1
494,local,164,100,32,16,8,100,0.000278,12.19,2
495,local,165,1,64,16,8,100,0.000767,12.39,0
496,local,165,1,64,16,8,100,0.00091,12.32,1
497,local,165,1,64,16,8,100,0.000468,12.29,2
498,local,166,10,64,16,8,100,0.00088,12.48,0
499,local,166,10,64,16,8,100,0.00188,12.56,1
500,local,166,10,64,16,8,100,0.00128,12.35,2
501,local,167,100,64,16,8,100,0.00204,12.41,0
502,local,167,100,64,16,8,100,0.000386,12.25,1
503,local,167,100,64,16,8,100,0.00202,12.39,2
504,local,168,1,8,32,8,100,0.00125,12.41,0
505,local,168,1,8,32,8,100,0.000565,12.32,1
506,local,168,1,8,32,8,100,0.0012900000000000001,12.45,2
507,local,169,10,8,32,8,100,0.00151,12.31,0
508,local,169,10,8,32,8,100,0.00073,12.36,1
509,local,169,10,8,32,8,100,0.000835,12.21,2
510,local,170,100,8,32,8,100,0.00093,12.35,0
511,local,170,100,8,32,8,100,0.00133,12.45,1
512,local,170,100,8,32,8,100,0.00091,12.38,2
513,local,171,1,16,32,8,100,0.000804,12.3,0
514,local,171,1,16,32,8,100,0.00024,12.29,1
515,local,171,1,16,32,8,100,0.000525,12.3,2
516,local,172,10,16,32,8,100,0.000497,12.33,0
517,local,172,10,16,32,8,100,0.000529,12.37,1
518,local,172,10,16,32,8,100,0.00149,12.53,2
519,local,173,100,16,32,8,100,0.000504,12.34,0
520,local,173,100,16,32,8,100,0.00157,12.34,1
521,local,173,100,16,32,8,100,0.000636,12.33,2
522,local,174,1,32,32,8,100,0.000427,12.29,0
523,local,174,1,32,32,8,100,0.000815,12.3,1
524,local,174,1,32,32,8,100,0.000542,12.29,2
525,local,175,10,32,32,8,100,0.00197,12.41,0
526,local,175,10,32,32,8,100,0.000473,12.31,1
527,local,175,10,32,32,8,100,0.00151,12.46,2
528,local,176,100,32,32,8,100,0.000419,12.27,0
529,local,176,100,32,32,8,100,0.003,12.31,1
530,local,176,100,32,32,8,100,0.000416,12.26,2
531,local,177,1,64,32,8,100,0.000592,12.24,0
532,local,177,1,64,32,8,100,0.000845,12.29,1
533,local,177,1,64,32,8,100,0.0010400000000000001,12.29,2
534,local,178,10,64,32,8,100,0.000733,12.36,0
535,local,178,10,64,32,8,100,0.00151,12.4,1
536,local,178,10,64,32,8,100,0.0008900000000000001,12.36,2
537,local,179,100,64,32,8,100,0.00326,12.5,0
538,local,179,100,64,32,8,100,0.000276,12.26,1
539,local,179,100,64,32,8,100,0.00147,12.21,2
540,local,180,1,8,64,8,100,0.000486,12.42,0
541,local,180,1,8,64,8,100,0.0011,12.58,1
542,local,180,1,8,64,8,100,0.000468,12.25,2
543,local,181,10,8,64,8,100,0.000533,12.25,0
544,local,181,10,8,64,8,100,0.00106,12.54,1
545,local,181,10,8,64,8,100,0.000319,12.32,2
546,local,182,100,8,64,8,100,0.00145,12.3,0
547,local,182,100,8,64,8,100,0.00128,12.54,1
548,local,182,100,8,64,8,100,0.000521,12.31,2
549,local,183,1,16,64,8,100,0.000432,12.37,0
550,local,183,1,16,64,8,100,0.000667,12.33,1
551,local,183,1,16,64,8,100,0.0011799999999999998,12.39,2
552,local,184,10,16,64,8,100,0.000678,12.34,0
553,local,184,10,16,64,8,100,0.00074,12.58,1
554,local,184,10,16,64,8,100,0.0010500000000000002,12.24,2
555,local,185,100,16,64,8,100,0.00127,12.49,0
556,local,185,100,16,64,8,100,0.000811,12.19,1
557,local,185,100,16,64,8,100,0.00163,12.25,2
558,local,186,1,32,64,8,100,0.000429,12.24,0
559,local,186,1,32,64,8,100,0.000776,12.36,1
560,local,186,1,32,64,8,100,0.00099,12.33,2
561,local,187,10,32,64,8,100,0.00157,12.35,0
562,local,187,10,32,64,8,100,0.000172,12.19,1
563,local,187,10,32,64,8,100,0.00048,12.33,2
564,local,188,100,32,64,8,100,0.00131,12.3,0
565,local,188,100,32,64,8,100,0.000538,12.31,1
566,local,188,100,32,64,8,100,0.000356,12.26,2
567,local,189,1,64,64,8,100,0.0009,12.53,0
568,local,189,1,64,64,8,100,0.0009,12.49,1
569,local,189,1,64,64,8,100,0.000245,12.23,2
570,local,190,10,64,64,8,100,0.000316,12.24,0
571,local,190,10,64,64,8,100,0.00176,12.29,1
572,local,190,10,64,64,8,100,0.000808,12.38,2
573,local,191,100,64,64,8,100,0.00312,12.41,0
574,local,191,100,64,64,8,100,0.00449,12.54,1
575,local,191,100,64,64,8,100,0.0037400000000000003,12.53,2
576,local,192,1,8,8,2,200,0.000692,104.78,0
577,local,192,1,8,8,2,200,0.000597,107.38,1
578,local,192,1,8,8,2,200,0.000449,106.37,2
579,local,193,10,8,8,2,200,0.000459,105.04,0
580,local,193,10,8,8,2,200,0.000511,105.69,1
581,local,193,10,8,8,2,200,0.00042,105.73,2
582,local,194,100,8,8,2,200,0.000582,104.96,0
583,local,194,100,8,8,2,200,0.000654,104.23,1
584,local,194,100,8,8,2,200,0.00145,105.66,2
585,local,195,1,16,8,2,200,0.00113,105.35,0
586,local,195,1,16,8,2,200,0.000426,106.03,1
587,local,195,1,16,8,2,200,0.000683,107.34,2
588,local,196,10,16,8,2,200,0.000523,106.32,0
589,local,196,10,16,8,2,200,0.000347,106.15,1
590,local,196,10,16,8,2,200,0.000639,103.99,2
591,local,197,100,16,8,2,200,0.000585,105.68,0
592,local,197,100,16,8,2,200,0.00095,107.04,1
593,local,197,100,16,8,2,200,0.000648,104.66,2
594,local,198,1,32,8,2,200,0.00107,105.35,0
595,local,198,1,32,8,2,200,0.000445,105.47,1
596,local,198,1,32,8,2,200,0.000679,103.75,2
597,local,199,10,32,8,2,200,0.00109,105.59,0
598,local,199,10,32,8,2,200,0.000487,105.57,1
599,local,199,10,32,8,2,200,0.000431,105.58,2
600,local,200,100,32,8,2,200,0.00025,104.74,0
601,local,200,100,32,8,2,200,0.00086,106.09,1
602,local,200,100,32,8,2,200,0.000482,106.99,2
603,local,201,1,64,8,2,200,0.000538,106.58,0
604,local,201,1,64,8,2,200,0.00025,105.43,1
605,local,201,1,64,8,2,200,0.000532,105.83,2
606,local,202,10,64,8,2,200,0.000805,105.69,0
607,local,202,10,64,8,2,200,0.000606,107.06,1
608,local,202,10,64,8,2,200,0.000154,106.14,2
609,local,203,100,64,8,2,200,0.0008900000000000001,106.45,0
610,local,203,100,64,8,2,200,0.000628,105.1,1
611,local,203,100,64,8,2,200,0.00132,106.76,2
612,local,204,1,8,16,2,200,0.00098,105.17,0
613,local,204,1,8,16,2,200,0.000521,106.2,1
614,local,204,1,8,16,2,200,0.000679,106.15,2
615,local,205,10,8,16,2,200,0.0008900000000000001,105.48,0
616,local,205,10,8,16,2,200,0.000292,104.29,1
617,local,205,10,8,16,2,200,0.000509,108.32,2
618,local,206,100,8,16,2,200,0.000504,107.47,0
619,local,206,100,8,16,2,200,0.000338,106.83,1
620,local,206,100,8,16,2,200,0.00111,108.79,2
621,local,207,1,16,16,2,200,0.000413,104.86,0
622,local,207,1,16,16,2,200,0.000547,106.34,1
623,local,207,1,16,16,2,200,0.000615,106.58,2
624,local,208,10,16,16,2,200,0.000652,104.49,0
625,local,208,10,16,16,2,200,0.000576,105.13,1
626,local,208,10,16,16,2,200,0.00113,105.54,2
627,local,209,100,16,16,2,200,0.000206,106.25,0
628,local,209,100,16,16,2,200,0.0008900000000000001,106.1,1
629,local,209,100,16,16,2,200,0.000439,106.49,2
630,local,210,1,32,16,2,200,0.000594,107.76,0
631,local,210,1,32,16,2,200,0.000506,105.29,1
632,local,210,1,32,16,2,200,0.000696,104.68,2
633,local,211,10,32,16,2,200,0.000263,106.08,0
634,local,211,10,32,16,2,200,0.000637,106.87,1
635,local,211,10,32,16,2,200,0.000205,107.72,2
636,local,212,100,32,16,2,200,0.00099,106.35,0
637,local,212,100,32,16,2,200,0.0020099999999999996,105.33,1
638,local,212,100,32,16,2,200,0.00095,105.07,2
639,local,213,1,64,16,2,200,0.000462,105.54,0
640,local,213,1,64,16,2,200,0.0006,105.69,1
641,local,213,1,64,16,2,200,0.000711,105.45,2
642,local,214,10,64,16,2,200,0.000828,104.87,0
643,local,214,10,64,16,2,200,0.00182,104.29,1
644,local,214,10,64,16,2,200,0.000843,105.8,2
645,local,215,100,64,16,2,200,0.0037400000000000003,105.75,0
646,local,215,100,64,16,2,200,0.00239,105.04,1
647,local,215,100,64,16,2,200,0.00239,104.78,2
648,local,216,1,8,32,2,200,0.000814,105.94,0
649,local,216,1,8,32,2,200,0.00091,104.07,1
650,local,216,1,8,32,2,200,0.0020299999999999997,105.48,2
651,local,217,10,8,32,2,200,0.00124,104.75,0
652,local,217,10,8,32,2,200,0.0008900000000000001,104.81,1
653,local,217,10,8,32,2,200,0.00066,105.45,2
654,local,218,100,8,32,2,200,0.000761,104.41,0
655,local,218,100,8,32,2,200,0.00146,106.62,1
656,local,218,100,8,32,2,200,0.00141,105.18,2
657,local,219,1,16,32,2,200,0.000609,105.63,0
658,local,219,1,16,32,2,200,0.000768,105.72,1
659,local,219,1,16,32,2,200,0.00076,106.38,2
660,local,220,10,16,32,2,200,0.00083,105.57,0
661,local,220,10,16,32,2,200,0.0011799999999999998,105.46,1
662,local,220,10,16,32,2,200,0.00093,104.88,2
663,local,221,100,16,32,2,200,0.00101,105.8,0
664,local,221,100,16,32,2,200,0.000806,105.32,1
665,local,221,100,16,32,2,200,0.00146,104.41,2
666,local,222,1,32,32,2,200,0.00122,105.07,0
667,local,222,1,32,32,2,200,0.000701,105.46,1
668,local,222,1,32,32,2,200,0.00071,105.35,2
669,local,223,10,32,32,2,200,0.000835,105.27,0
670,local,223,10,32,32,2,200,0.000808,103.96,1
671,local,223,10,32,32,2,200,0.000795,104.36,2
672,local,224,100,32,32,2,200,0.00107,105.92,0
673,local,224,100,32,32,2,200,0.0012900000000000001,104.36,1
674,local,224,100,32,32,2,200,0.00225,104.43,2
675,local,225,1,64,32,2,200,0.0010400000000000001,104.8,0
676,local,225,1,64,32,2,200,0.0032400000000000003,106.99,1
677,local,225,1,64,32,2,200,0.000664,106.03,2
678,local,226,10,64,32,2,200,0.0014,104.42,0
679,local,226,10,64,32,2,200,0.0012900000000000001,104.84,1
680,local,226,10,64,32,2,200,0.00161,104.49,2
681,local,227,100,64,32,2,200,0.0029,105.66,0
682,local,227,100,64,32,2,200,0.0044800000000000005,105.84,1
683,local,227,100,64,32,2,200,0.0019,105.98,2
684,local,228,1,8,64,2,200,0.00086,105.54,0
685,local,228,1,8,64,2,200,0.000652,105.67,1
686,local,228,1,8,64,2,200,0.00121,104.72,2
687,local,229,10,8,64,2,200,0.00092,104.39,0
688,local,229,10,8,64,2,200,0.00163,105.62,1
689,local,229,10,8,64,2,200,0.000804,104.16,2
690,local,230,100,8,64,2,200,0.00164,104.85,0
691,local,230,100,8,64,2,200,0.00113,104.7,1
692,local,230,100,8,64,2,200,0.000669,105.09,2
693,local,231,1,16,64,2,200,0.00217,103.61,0
694,local,231,1,16,64,2,200,0.0017,105.29,1
695,local,231,1,16,64,2,200,0.000676,105.46,2
696,local,232,10,16,64,2,200,0.0008900000000000001,104.63,0
697,local,232,10,16,64,2,200,0.0024500000000000004,104.58,1
698,local,232,10,16,64,2,200,0.001,105.39,2
699,local,233,100,16,64,2,200,0.00163,105.99,0
700,local,233,100,16,64,2,200,0.00085,106.06,1
701,local,233,100,16,64,2,200,0.00108,105.58,2
702,local,234,1,32,64,2,200,0.00095,104.88,0
703,local,234,1,32,64,2,200,0.000821,105.29,1
704,local,234,1,32,64,2,200,0.00094,104.44,2
705,local,235,10,32,64,2,200,0.0009699999999999999,104.69,0
706,local,235,10,32,64,2,200,0.00174,104.46,1
707,local,235,10,32,64,2,200,0.000782,105.26,2
708,local,236,100,32,64,2,200,0.00138,104.86,0
709,local,236,100,32,64,2,200,0.00188,104.88,1
710,local,236,100,32,64,2,200,0.00115,105.46,2
711,local,237,1,64,64,2,200,0.000816,105.09,0
712,local,237,1,64,64,2,200,0.00102,104.4,1
713,local,237,1,64,64,2,200,0.02314,106.77,2
714,local,238,10,64,64,2,200,0.00146,104.53,0
715,local,238,10,64,64,2,200,0.00087,105.63,1
716,local,238,10,64,64,2,200,0.00164,105.03,2
717,local,239,100,64,64,2,200,0.00405,104.88,0
718,local,239,100,64,64,2,200,0.0056500000000000005,104.73,1
719,local,239,100,64,64,2,200,0.00299,104.22,2
720,local,240,1,8,8,4,200,0.00122,52.22,0
721,local,240,1,8,8,4,200,0.00098,52.51,1
722,local,240,1,8,8,4,200,0.00107,52.87,2
723,local,241,10,8,8,4,200,0.00093,52.6,0
724,local,241,10,8,8,4,200,0.00117,52.62,1
725,local,241,10,8,8,4,200,0.0010400000000000001,52.64,2
726,local,242,100,8,8,4,200,0.0014399999999999999,52.32,0
727,local,242,100,8,8,4,200,0.00478,52.3,1
728,local,242,100,8,8,4,200,0.00107,53.31,2
729,local,243,1,16,8,4,200,0.000829,51.99,0
730,local,243,1,16,8,4,200,0.00115,52.66,1
731,local,243,1,16,8,4,200,0.000747,52.65,2
732,local,244,10,16,8,4,200,0.0012900000000000001,52.2,0
733,local,244,10,16,8,4,200,0.0010500000000000002,52.6,1
734,local,244,10,16,8,4,200,0.0015,52.42,2
735,local,245,100,16,8,4,200,0.00117,52.44,0
736,local,245,100,16,8,4,200,0.00122,52.86,1
737,local,245,100,16,8,4,200,0.00172,52.69,2
738,local,246,1,32,8,4,200,0.00077,52.56,0
739,local,246,1,32,8,4,200,0.00127,52.8,1
740,local,246,1,32,8,4,200,0.0013,53.0,2
741,local,247,10,32,8,4,200,0.000836,52.51,0
742,local,247,10,32,8,4,200,0.001,52.8,1
743,local,247,10,32,8,4,200,0.00123,52.55,2
744,local,248,100,32,8,4,200,0.001,52.8,0
745,local,248,100,32,8,4,200,0.0011,52.2,1
746,local,248,100,32,8,4,200,0.00145,52.16,2
747,local,249,1,64,8,4,200,0.00111,52.29,0
748,local,249,1,64,8,4,200,0.00093,52.25,1
749,local,249,1,64,8,4,200,0.0008900000000000001,52.49,2
750,local,250,10,64,8,4,200,0.0015300000000000001,52.74,0
751,local,250,10,64,8,4,200,0.00212,52.37,1
752,local,250,10,64,8,4,200,0.00114,52.7,2
753,local,251,100,64,8,4,200,0.0028599999999999997,52.49,0
754,local,251,100,64,8,4,200,0.00357,52.63,1
755,local,251,100,64,8,4,200,0.00111,52.18,2
756,local,252,1,8,16,4,200,0.00115,53.46,0
757,local,252,1,8,16,4,200,0.00099,52.47,1
758,local,252,1,8,16,4,200,0.00088,52.97,2
759,local,253,10,8,16,4,200,0.00101,53.28,0
760,local,253,10,8,16,4,200,0.000831,52.44,1
761,local,253,10,8,16,4,200,0.000815,52.3,2
762,local,254,100,8,16,4,200,0.0009699999999999999,52.57,0
763,local,254,100,8,16,4,200,0.00121,52.27,1
764,local,254,100,8,16,4,200,0.00158,52.51,2
765,local,255,1,16,16,4,200,0.00087,52.36,0
766,local,255,1,16,16,4,200,0.00115,52.62,1
767,local,255,1,16,16,4,200,0.00124,53.08,2
768,local,256,10,16,16,4,200,0.00087,52.13,0
769,local,256,10,16,16,4,200,0.00133,52.58,1
770,local,256,10,16,16,4,200,0.0010500000000000002,52.79,2
771,local,257,100,16,16,4,200,0.0012,52.37,0
772,local,257,100,16,16,4,200,0.0009699999999999999,52.42,1
773,local,257,100,16,16,4,200,0.00121,52.11,2
774,local,258,1,32,16,4,200,0.000797,52.84,0
775,local,258,1,32,16,4,200,0.000754,52.19,1
776,local,258,1,32,16,4,200,0.0009,52.5,2
777,local,259,10,32,16,4,200,0.00114,52.64,0
778,local,259,10,32,16,4,200,0.00094,53.04,1
779,local,259,10,32,16,4,200,0.000671,52.59,2
780,local,260,100,32,16,4,200,0.00099,52.03,0
781,local,260,100,32,16,4,200,0.00196,52.35,1
782,local,260,100,32,16,4,200,0.00175,52.81,2
783,local,261,1,64,16,4,200,0.00088,52.3,0
784,local,261,1,64,16,4,200,0.00094,52.53,1
785,local,261,1,64,16,4,200,0.000743,52.79,2
786,local,262,10,64,16,4,200,0.00124,52.62,0
787,local,262,10,64,16,4,200,0.000596,51.71,1
788,local,262,10,64,16,4,200,0.000768,51.67,2
789,local,263,100,64,16,4,200,0.26982,52.12,0
790,local,263,100,64,16,4,200,0.0035499999999999998,52.63,1
791,local,263,100,64,16,4,200,0.00311,52.61,2
792,local,264,1,8,32,4,200,0.00102,52.68,0
793,local,264,1,8,32,4,200,0.0010500000000000002,52.9,1
794,local,264,1,8,32,4,200,0.00085,52.87,2
795,local,265,10,8,32,4,200,0.00122,52.25,0
796,local,265,10,8,32,4,200,0.000778,52.52,1
797,local,265,10,8,32,4,200,0.000696,52.57,2
798,local,266,100,8,32,4,200,0.0009599999999999999,52.34,0
799,local,266,100,8,32,4,200,0.000808,51.95,1
800,local,266,100,8,32,4,200,0.00115,52.09,2
801,local,267,1,16,32,4,200,0.0014199999999999998,52.39,0
802,local,267,1,16,32,4,200,0.00101,52.28,1
803,local,267,1,16,32,4,200,0.00141,51.9,2
804,local,268,10,16,32,4,200,0.00148,52.71,0
805,local,268,10,16,32,4,200,0.00134,52.25,1
806,local,268,10,16,32,4,200,0.00122,51.6,2
807,local,269,100,16,32,4,200,0.00198,52.16,0
808,local,269,100,16,32,4,200,0.0011899999999999999,51.77,1
809,local,269,100,16,32,4,200,0.00158,52.55,2
810,local,270,1,32,32,4,200,0.0011899999999999999,52.08,0
811,local,270,1,32,32,4,200,0.00127,52.49,1
812,local,270,1,32,32,4,200,0.00092,51.98,2
813,local,271,10,32,32,4,200,0.00107,52.69,0
814,local,271,10,32,32,4,200,0.001,51.98,1
815,local,271,10,32,32,4,200,0.00156,52.89,2
816,local,272,100,32,32,4,200,0.0011200000000000001,52.41,0
817,local,272,100,32,32,4,200,0.0019299999999999999,52.77,1
818,local,272,100,32,32,4,200,0.0016699999999999998,52.34,2
819,local,273,1,64,32,4,200,0.00163,52.95,0
820,local,273,1,64,32,4,200,0.00086,52.63,1
821,local,273,1,64,32,4,200,0.0011799999999999998,52.24,2
822,local,274,10,64,32,4,200,0.00135,52.86,0
823,local,274,10,64,32,4,200,0.0010400000000000001,52.66,1
824,local,274,10,64,32,4,200,0.00099,52.53,2
825,local,275,100,64,32,4,200,0.00354,52.21,0
826,local,275,100,64,32,4,200,0.00321,52.66,1
827,local,275,100,64,32,4,200,0.00266,52.92,2
828,local,276,1,8,64,4,200,0.0014299999999999998,52.78,0
829,local,276,1,8,64,4,200,0.00113,52.53,1
830,local,276,1,8,64,4,200,0.00123,51.73,2
831,local,277,10,8,64,4,200,0.0011,52.88,0
832,local,277,10,8,64,4,200,0.00109,52.04,1
833,local,277,10,8,64,4,200,0.00128,52.24,2
834,local,278,100,8,64,4,200,0.00124,52.67,0
835,local,278,100,8,64,4,200,0.000793,52.22,1
836,local,278,100,8,64,4,200,0.0015300000000000001,52.36,2
837,local,279,1,16,64,4,200,0.00126,52.01,0
838,local,279,1,16,64,4,200,0.00093,52.89,1
839,local,279,1,16,64,4,200,0.00107,52.53,2
840,local,280,10,16,64,4,200,0.00132,52.09,0
841,local,280,10,16,64,4,200,0.0009,51.96,1
842,local,280,10,16,64,4,200,0.0015300000000000001,52.35,2
843,local,281,100,16,64,4,200,0.00138,52.6,0
844,local,281,100,16,64,4,200,0.00157,52.25,1
845,local,281,100,16,64,4,200,0.00145,52.17,2
846,local,282,1,32,64,4,200,0.00116,52.23,0
847,local,282,1,32,64,4,200,0.00106,52.86,1
848,local,282,1,32,64,4,200,0.0019199999999999998,52.08,2
849,local,283,10,32,64,4,200,0.00126,52.79,0
850,local,283,10,32,64,4,200,0.00166,52.3,1
851,local,283,10,32,64,4,200,0.000715,52.24,2
852,local,284,100,32,64,4,200,0.00232,52.68,0
853,local,284,100,32,64,4,200,0.00282,52.69,1
854,local,284,100,32,64,4,200,0.0015300000000000001,52.7,2
855,local,285,1,64,64,4,200,0.00124,52.99,0
856,local,285,1,64,64,4,200,0.00148,52.31,1
857,local,285,1,64,64,4,200,0.00109,52.54,2
858,local,286,10,64,64,4,200,0.00185,52.73,0
859,local,286,10,64,64,4,200,0.00109,51.98,1
860,local,286,10,64,64,4,200,0.00148,52.72,2
861,local,287,100,64,64,4,200,0.00543,52.46,0
862,local,287,100,64,64,4,200,0.00574,52.41,1
863,local,287,100,64,64,4,200,0.00608,52.52,2
864,local,288,1,8,8,6,200,0.00087,34.04,0
865,local,288,1,8,8,6,200,0.00098,34.32,1
866,local,288,1,8,8,6,200,0.0025499999999999997,33.97,2
867,local,289,10,8,8,6,200,0.000849,34.48,0
868,local,289,10,8,8,6,200,0.00093,34.26,1
869,local,289,10,8,8,6,200,0.0009,34.42,2
870,local,290,100,8,8,6,200,0.0010400000000000001,34.34,0
871,local,290,100,8,8,6,200,0.00134,34.29,1
872,local,290,100,8,8,6,200,0.00125,34.37,2
873,local,291,1,16,8,6,200,0.00108,34.12,0
874,local,291,1,16,8,6,200,0.00111,34.1,1
875,local,291,1,16,8,6,200,0.00229,34.23,2
876,local,292,10,16,8,6,200,0.000721,33.97,0
877,local,292,10,16,8,6,200,0.0010400000000000001,34.36,1
878,local,292,10,16,8,6,200,0.00095,34.33,2
879,local,293,100,16,8,6,200,0.0011899999999999999,34.42,0
880,local,293,100,16,8,6,200,0.0018,34.0,1
881,local,293,100,16,8,6,200,0.00176,34.55,2
882,local,294,1,32,8,6,200,0.00088,34.18,0
883,local,294,1,32,8,6,200,0.00098,34.65,1
884,local,294,1,32,8,6,200,0.0010400000000000001,33.95,2
885,local,295,10,32,8,6,200,0.000797,34.39,0
886,local,295,10,32,8,6,200,0.00103,34.33,1
887,local,295,10,32,8,6,200,0.00108,34.27,2
888,local,296,100,32,8,6,200,0.00191,34.46,0
889,local,296,100,32,8,6,200,0.0012,34.6,1
890,local,296,100,32,8,6,200,0.00145,34.27,2
891,local,297,1,64,8,6,200,0.0009,34.41,0
892,local,297,1,64,8,6,200,0.00093,34.11,1
893,local,297,1,64,8,6,200,0.00095,34.15,2
894,local,298,10,64,8,6,200,0.0017,34.4,0
895,local,298,10,64,8,6,200,0.0011799999999999998,34.14,1
896,local,298,10,64,8,6,200,0.0012900000000000001,34.46,2
897,local,299,100,64,8,6,200,0.00215,34.43,0
898,local,299,100,64,8,6,200,0.0025800000000000003,34.4,1
899,local,299,100,64,8,6,200,0.00309,34.48,2
900,local,300,1,8,16,6,200,0.00103,34.37,0
901,local,300,1,8,16,6,200,0.000762,34.28,1
902,local,300,1,8,16,6,200,0.00127,34.45,2
903,local,301,10,8,16,6,200,0.00086,34.47,0
904,local,301,10,8,16,6,200,0.0011799999999999998,34.4,1
905,local,301,10,8,16,6,200,0.0020099999999999996,34.54,2
906,local,302,100,8,16,6,200,0.00115,34.42,0
907,local,302,100,8,16,6,200,0.00093,34.07,1
908,local,302,100,8,16,6,200,0.00091,34.18,2
909,local,303,1,16,16,6,200,0.00158,34.08,0
910,local,303,1,16,16,6,200,0.0009699999999999999,34.14,1
911,local,303,1,16,16,6,200,0.00136,34.16,2
912,local,304,10,16,16,6,200,0.00091,34.32,0
913,local,304,10,16,16,6,200,0.000736,34.54,1
914,local,304,10,16,16,6,200,0.00128,34.11,2
915,local,305,100,16,16,6,200,0.0025800000000000003,34.28,0
916,local,305,100,16,16,6,200,0.0011,34.35,1
917,local,305,100,16,16,6,200,0.0017,34.81,2
918,local,306,1,32,16,6,200,0.0011899999999999999,34.11,0
919,local,306,1,32,16,6,200,0.0010500000000000002,34.53,1
920,local,306,1,32,16,6,200,0.00088,34.26,2
921,local,307,10,32,16,6,200,0.00099,34.13,0
922,local,307,10,32,16,6,200,0.0011,34.49,1
923,local,307,10,32,16,6,200,0.0011,34.43,2
924,local,308,100,32,16,6,200,0.00174,34.3,0
925,local,308,100,32,16,6,200,0.00135,34.33,1
926,local,308,100,32,16,6,200,0.00147,34.51,2
927,local,309,1,64,16,6,200,0.00093,34.09,0
928,local,309,1,64,16,6,200,0.00088,34.37,1
929,local,309,1,64,16,6,200,0.00151,34.69,2
930,local,310,10,64,16,6,200,0.00108,34.15,0
931,local,310,10,64,16,6,200,0.000747,33.91,1
932,local,310,10,64,16,6,200,0.00122,34.56,2
933,local,311,100,64,16,6,200,0.0027400000000000002,34.61,0
934,local,311,100,64,16,6,200,0.0030099999999999997,34.62,1
935,local,311,100,64,16,6,200,0.00318,34.37,2
936,local,312,1,8,32,6,200,0.00099,34.15,0
937,local,312,1,8,32,6,200,0.00102,34.31,1
938,local,312,1,8,32,6,200,0.00086,34.38,2
939,local,313,10,8,32,6,200,0.00128,34.11,0
940,local,313,10,8,32,6,200,0.00133,34.17,1
941,local,313,10,8,32,6,200,0.0010400000000000001,34.19,2
942,local,314,100,8,32,6,200,0.00122,34.0,0
943,local,314,100,8,32,6,200,0.00161,34.16,1
944,local,314,100,8,32,6,200,0.00088,34.36,2
945,local,315,1,16,32,6,200,0.00092,34.39,0
946,local,315,1,16,32,6,200,0.00086,33.73,1
947,local,315,1,16,32,6,200,0.00115,34.23,2
948,local,316,10,16,32,6,200,0.000598,33.91,0
949,local,316,10,16,32,6,200,0.00103,34.28,1
950,local,316,10,16,32,6,200,0.00145,34.31,2
951,local,317,100,16,32,6,200,0.00155,34.42,0
952,local,317,100,16,32,6,200,0.00152,34.1,1
953,local,317,100,16,32,6,200,0.000788,33.88,2
954,local,318,1,32,32,6,200,0.0011799999999999998,34.53,0
955,local,318,1,32,32,6,200,0.0014399999999999999,34.68,1
956,local,318,1,32,32,6,200,0.00107,34.31,2
957,local,319,10,32,32,6,200,0.0017,34.32,0
958,local,319,10,32,32,6,200,0.0010400000000000001,34.46,1
959,local,319,10,32,32,6,200,0.001,34.43,2
960,local,320,100,32,32,6,200,0.00217,34.21,0
961,local,320,100,32,32,6,200,0.00155,34.57,1
962,local,320,100,32,32,6,200,0.0015400000000000001,34.36,2
963,local,321,1,64,32,6,200,0.00108,34.07,0
964,local,321,1,64,32,6,200,0.000845,33.92,1
965,local,321,1,64,32,6,200,0.000772,34.04,2
966,local,322,10,64,32,6,200,0.00214,34.3,0
967,local,322,10,64,32,6,200,0.01744,33.99,1
968,local,322,10,64,32,6,200,0.00108,34.32,2
969,local,323,100,64,32,6,200,0.00346,34.71,0
970,local,323,100,64,32,6,200,0.0023799999999999997,34.54,1
971,local,323,100,64,32,6,200,0.00294,34.35,2
972,local,324,1,8,64,6,200,0.000798,34.4,0
973,local,324,1,8,64,6,200,0.00117,34.13,1
974,local,324,1,8,64,6,200,0.000649,33.92,2
975,local,325,10,8,64,6,200,0.00093,34.25,0
976,local,325,10,8,64,6,200,0.0010500000000000002,34.29,1
977,local,325,10,8,64,6,200,0.00159,34.17,2
978,local,326,100,8,64,6,200,0.00095,34.4,0
979,local,326,100,8,64,6,200,0.00094,33.98,1
980,local,326,100,8,64,6,200,0.0011,34.39,2
981,local,327,1,16,64,6,200,0.00087,34.21,0
982,local,327,1,16,64,6,200,0.00109,34.28,1
983,local,327,1,16,64,6,200,0.00117,34.67,2
984,local,328,10,16,64,6,200,0.0011200000000000001,34.16,0
985,local,328,10,16,64,6,200,0.00093,34.25,1
986,local,328,10,16,64,6,200,0.00081,34.03,2
987,local,329,100,16,64,6,200,0.00141,34.5,0
988,local,329,100,16,64,6,200,0.00199,34.38,1
989,local,329,100,16,64,6,200,0.00156,34.47,2
990,local,330,1,32,64,6,200,0.00091,34.07,0
991,local,330,1,32,64,6,200,0.00145,34.35,1
992,local,330,1,32,64,6,200,0.0011,34.35,2
993,local,331,10,32,64,6,200,0.0009,34.6,0
994,local,331,10,32,64,6,200,0.00111,34.12,1
995,local,331,10,32,64,6,200,0.00113,34.28,2
996,local,332,100,32,64,6,200,0.00237,34.62,0
997,local,332,100,32,64,6,200,0.00141,34.29,1
998,local,332,100,32,64,6,200,0.0014199999999999998,33.95,2
999,local,333,1,64,64,6,200,0.00102,34.12,0
1000,local,333,1,64,64,6,200,0.00093,34.46,1
1001,local,333,1,64,64,6,200,0.00124,33.85,2
1002,local,334,10,64,64,6,200,0.0011200000000000001,34.36,0
1003,local,334,10,64,64,6,200,0.00103,34.07,1
1004,local,334,10,64,64,6,200,0.00188,34.35,2
1005,local,335,100,64,64,6,200,0.0039700000000000004,34.74,0
1006,local,335,100,64,64,6,200,0.0045899999999999995,34.43,1
1007,local,335,100,64,64,6,200,0.00408,34.74,2
1008,local,336,1,8,8,8,200,0.0011200000000000001,25.81,0
1009,local,336,1,8,8,8,200,0.00092,26.01,1
1010,local,336,1,8,8,8,200,0.0013700000000000001,25.95,2
1011,local,337,10,8,8,8,200,0.0014299999999999998,25.75,0
1012,local,337,10,8,8,8,200,0.0011200000000000001,26.03,1
1013,local,337,10,8,8,8,200,0.000547,25.79,2
1014,local,338,100,8,8,8,200,0.00136,26.0,0
1015,local,338,100,8,8,8,200,0.0014199999999999998,26.0,1
1016,local,338,100,8,8,8,200,0.0014,25.96,2
1017,local,339,1,16,8,8,200,0.0012900000000000001,26.02,0
1018,local,339,1,16,8,8,200,0.0014399999999999999,25.91,1
1019,local,339,1,16,8,8,200,0.00151,26.09,2
1020,local,340,10,16,8,8,200,0.0014,25.75,0
1021,local,340,10,16,8,8,200,0.00149,25.7,1
1022,local,340,10,16,8,8,200,0.000834,25.85,2
1023,local,341,100,16,8,8,200,0.00173,25.93,0
1024,local,341,100,16,8,8,200,0.00177,25.99,1
1025,local,341,100,16,8,8,200,0.00136,25.83,2
1026,local,342,1,32,8,8,200,0.000745,25.54,0
1027,local,342,1,32,8,8,200,0.0010400000000000001,25.92,1
1028,local,342,1,32,8,8,200,0.00101,25.74,2
1029,local,343,10,32,8,8,200,0.0019299999999999999,25.81,0
1030,local,343,10,32,8,8,200,0.0012,25.86,1
1031,local,343,10,32,8,8,200,0.00149,26.2,2
1032,local,344,100,32,8,8,200,0.0018,26.12,0
1033,local,344,100,32,8,8,200,0.0013700000000000001,25.92,1
1034,local,344,100,32,8,8,200,0.00157,25.82,2
1035,local,345,1,64,8,8,200,0.00199,26.17,0
1036,local,345,1,64,8,8,200,0.0008900000000000001,25.84,1
1037,local,345,1,64,8,8,200,0.00095,25.79,2
1038,local,346,10,64,8,8,200,0.00091,25.95,0
1039,local,346,10,64,8,8,200,0.00164,25.87,1
1040,local,346,10,64,8,8,200,0.00132,25.9,2
1041,local,347,100,64,8,8,200,0.0030299999999999997,26.23,0
1042,local,347,100,64,8,8,200,0.0024500000000000004,26.08,1
1043,local,347,100,64,8,8,200,0.00327,26.37,2
1044,local,348,1,8,16,8,200,0.00114,25.82,0
1045,local,348,1,8,16,8,200,0.0020099999999999996,26.17,1
1046,local,348,1,8,16,8,200,0.000823,25.88,2
1047,local,349,10,8,16,8,200,0.0017900000000000001,26.08,0
1048,local,349,10,8,16,8,200,0.00149,26.23,1
1049,local,349,10,8,16,8,200,0.00124,26.08,2
1050,local,350,100,8,16,8,200,0.000746,25.59,0
1051,local,350,100,8,16,8,200,0.00161,25.84,1
1052,local,350,100,8,16,8,200,0.0011899999999999999,25.79,2
1053,local,351,1,16,16,8,200,0.0026,26.29,0
1054,local,351,1,16,16,8,200,0.0016699999999999998,25.91,1
1055,local,351,1,16,16,8,200,0.0019,25.87,2
1056,local,352,10,16,16,8,200,0.00122,25.98,0
1057,local,352,10,16,16,8,200,0.0015400000000000001,25.78,1
1058,local,352,10,16,16,8,200,0.0018700000000000001,25.82,2
1059,local,353,100,16,16,8,200,0.0016799999999999999,25.99,0
1060,local,353,100,16,16,8,200,0.00136,25.9,1
1061,local,353,100,16,16,8,200,0.0019,25.8,2
1062,local,354,1,32,16,8,200,0.00125,26.02,0
1063,local,354,1,32,16,8,200,0.001,25.74,1
1064,local,354,1,32,16,8,200,0.0011799999999999998,26.04,2
1065,local,355,10,32,16,8,200,0.00136,25.89,0
1066,local,355,10,32,16,8,200,0.00166,26.18,1
1067,local,355,10,32,16,8,200,0.0013,26.19,2
1068,local,356,100,32,16,8,200,0.0025,26.03,0
1069,local,356,100,32,16,8,200,0.00261,25.93,1
1070,local,356,100,32,16,8,200,0.0016,26.0,2
1071,local,357,1,64,16,8,200,0.0009,25.87,0
1072,local,357,1,64,16,8,200,0.00127,25.89,1
1073,local,357,1,64,16,8,200,0.0011200000000000001,26.07,2
1074,local,358,10,64,16,8,200,0.0019199999999999998,25.96,0
1075,local,358,10,64,16,8,200,0.0014,26.01,1
1076,local,358,10,64,16,8,200,0.00181,26.07,2
1077,local,359,100,64,16,8,200,0.00432,26.33,0
1078,local,359,100,64,16,8,200,0.00313,26.08,1
1079,local,359,100,64,16,8,200,0.00363,26.04,2
1080,local,360,1,8,32,8,200,0.000839,25.87,0
1081,local,360,1,8,32,8,200,0.0015300000000000001,26.16,1
1082,local,360,1,8,32,8,200,0.00123,26.38,2
1083,local,361,10,8,32,8,200,0.00149,26.33,0
1084,local,361,10,8,32,8,200,0.00114,25.95,1
1085,local,361,10,8,32,8,200,0.00121,25.98,2
1086,local,362,100,8,32,8,200,0.00138,26.02,0
1087,local,362,100,8,32,8,200,0.00134,25.76,1
1088,local,362,100,8,32,8,200,0.0013700000000000001,25.98,2
1089,local,363,1,16,32,8,200,0.00157,25.8,0
1090,local,364,10,16,32,8,200,0.00124,26.09,0
1091,local,364,10,16,32,8,200,0.0011200000000000001,25.81,1
1092,local,364,10,16,32,8,200,0.00123,25.73,2
1093,local,365,100,16,32,8,200,0.00177,25.81,0
1094,local,365,100,16,32,8,200,0.00181,25.84,1
1095,local,365,100,16,32,8,200,0.00254,26.02,2
1096,local,366,1,32,32,8,200,0.00183,26.06,0
1097,local,366,1,32,32,8,200,0.0016,26.0,1
1098,local,366,1,32,32,8,200,0.000803,25.61,2
1099,local,367,10,32,32,8,200,0.000335,25.4,0
1100,local,367,10,32,32,8,200,0.00146,26.22,1
1101,local,367,10,32,32,8,200,0.0016699999999999998,25.76,2
1102,local,368,100,32,32,8,200,0.0017900000000000001,26.02,0
1103,local,368,100,32,32,8,200,0.00221,26.14,1
1104,local,368,100,32,32,8,200,0.0017,25.99,2
1105,local,369,1,64,32,8,200,0.00183,25.75,0
1106,local,369,1,64,32,8,200,0.00121,26.03,1
1107,local,369,1,64,32,8,200,0.00121,25.63,2
1108,local,370,10,64,32,8,200,0.00157,25.86,0
1109,local,370,10,64,32,8,200,0.0023799999999999997,25.9,1
1110,local,370,10,64,32,8,200,0.00166,25.76,2
1111,local,371,100,64,32,8,200,0.00513,26.0,0
1112,local,371,100,64,32,8,200,0.00457,26.15,1
1113,local,371,100,64,32,8,200,0.00352,26.0,2
1114,local,372,1,8,64,8,200,0.00138,26.01,0
1115,local,372,1,8,64,8,200,0.00161,25.83,1
1116,local,372,1,8,64,8,200,0.00159,26.0,2
1117,local,373,10,8,64,8,200,0.00125,25.79,0
1118,local,373,10,8,64,8,200,0.00115,25.82,1
1119,local,373,10,8,64,8,200,0.0011799999999999998,25.8,2
1120,local,374,100,8,64,8,200,0.00196,25.79,0
1121,local,374,100,8,64,8,200,0.00199,25.85,1
1122,local,374,100,8,64,8,200,0.0016200000000000001,26.1,2
1123,local,375,1,16,64,8,200,0.00117,25.58,0
1124,local,375,1,16,64,8,200,0.0013700000000000001,25.76,1
1125,local,375,1,16,64,8,200,0.0014,25.89,2
1126,local,376,10,16,64,8,200,0.00124,25.94,0
1127,local,376,10,16,64,8,200,0.00234,26.08,1
1128,local,376,10,16,64,8,200,0.00156,26.06,2
1129,local,377,100,16,64,8,200,0.00317,25.75,0
1130,local,377,100,16,64,8,200,0.00209,26.19,1
1131,local,377,100,16,64,8,200,0.0025,25.78,2
1132,local,378,1,32,64,8,200,0.00221,25.53,0
1133,local,378,1,32,64,8,200,0.00103,25.58,1
1134,local,378,1,32,64,8,200,0.00146,25.88,2
1135,local,379,10,32,64,8,200,0.00185,25.88,0
1136,local,379,10,32,64,8,200,0.00218,25.96,1
1137,local,379,10,32,64,8,200,0.0013,25.69,2
1138,local,380,100,32,64,8,200,0.00212,26.17,0
1139,local,380,100,32,64,8,200,0.00278,25.84,1
1140,local,380,100,32,64,8,200,0.00275,26.0,2
1141,local,381,1,64,64,8,200,0.00141,25.73,0
1142,local,381,1,64,64,8,200,0.0011,25.96,1
1143,local,381,1,64,64,8,200,0.00148,25.99,2
1144,local,382,10,64,64,8,200,0.00107,25.43,0
1145,local,382,10,64,64,8,200,0.00221,25.63,1
1146,local,382,10,64,64,8,200,0.00117,25.9,2
1147,local,383,100,64,64,8,200,0.005,26.1,0
1148,local,383,100,64,64,8,200,0.00574,26.21,1
1149,local,383,100,64,64,8,200,0.00434,26.1,2
1150,local,384,1,8,8,2,500,0.0014299999999999998,261.54,0
1151,local,384,1,8,8,2,500,0.00103,264.61,1
1152,local,384,1,8,8,2,500,0.00086,263.94,2
1153,local,385,10,8,8,2,500,0.0014399999999999999,263.95,0
1154,local,385,10,8,8,2,500,0.00108,264.38,1
1155,local,385,10,8,8,2,500,0.00147,262.0,2
1156,local,386,100,8,8,2,500,0.0011899999999999999,263.81,0
1157,local,386,100,8,8,2,500,0.00092,263.14,1
1158,local,386,100,8,8,2,500,0.00133,262.26,2
1159,local,387,1,16,8,2,500,0.00113,263.31,0
1160,local,387,1,16,8,2,500,0.00124,261.68,1
1161,local,387,1,16,8,2,500,0.000546,264.07,2
1162,local,388,10,16,8,2,500,0.0016,265.04,0
1163,local,388,10,16,8,2,500,0.00088,263.13,1
1164,local,388,10,16,8,2,500,0.00098,263.8,2
1165,local,389,100,16,8,2,500,0.00087,265.9,0
1166,local,389,100,16,8,2,500,0.00177,263.55,1
1167,local,389,100,16,8,2,500,0.00098,262.17,2
1168,local,390,1,32,8,2,500,0.000262,264.27,0
1169,local,390,1,32,8,2,500,0.00117,264.72,1
1170,local,390,1,32,8,2,500,0.000607,264.66,2
1171,local,391,10,32,8,2,500,0.000727,264.86,0
1172,local,391,10,32,8,2,500,0.000768,262.8,1
1173,local,391,10,32,8,2,500,0.00114,260.89,2
1174,local,392,100,32,8,2,500,0.00099,264.01,0
1175,local,392,100,32,8,2,500,0.00117,264.55,1
1176,local,392,100,32,8,2,500,0.00087,263.58,2
1177,local,393,1,64,8,2,500,0.00067,263.7,0
1178,local,393,1,64,8,2,500,0.000557,265.27,1
1179,local,393,1,64,8,2,500,0.00106,263.8,2
1180,local,394,10,64,8,2,500,0.00107,264.13,0
1181,local,394,10,64,8,2,500,0.000456,265.56,1
1182,local,394,10,64,8,2,500,0.000566,265.49,2
1183,local,395,100,64,8,2,500,0.00265,264.78,0
1184,local,395,100,64,8,2,500,0.0027,263.32,1
1185,local,395,100,64,8,2,500,0.00186,265.49,2
1186,local,396,1,8,16,2,500,0.00088,263.93,0
1187,local,396,1,8,16,2,500,0.00092,262.45,1
1188,local,396,1,8,16,2,500,0.000771,264.06,2
1189,local,397,10,8,16,2,500,0.00098,263.78,0
1190,local,397,10,8,16,2,500,0.00131,263.32,1
1191,local,397,10,8,16,2,500,0.001,262.76,2
1192,local,398,100,8,16,2,500,0.000224,264.67,0
1193,local,398,100,8,16,2,500,0.00094,265.01,1
1194,local,398,100,8,16,2,500,0.00157,264.72,2
1195,local,399,1,16,16,2,500,0.00109,264.61,0
1196,local,399,1,16,16,2,500,0.0011200000000000001,262.88,1
1197,local,399,1,16,16,2,500,0.000665,264.82,2
1198,local,400,10,16,16,2,500,0.000805,262.8,0
1199,local,400,10,16,16,2,500,0.00147,262.33,1
1200,local,400,10,16,16,2,500,0.0014299999999999998,262.76,2
1201,local,401,100,16,16,2,500,0.00149,264.59,0
1202,local,401,100,16,16,2,500,0.00185,264.68,1
1203,local,401,100,16,16,2,500,0.00145,263.94,2
1204,local,402,1,32,16,2,500,0.0012900000000000001,263.88,0
1205,local,402,1,32,16,2,500,0.00111,262.86,1
1206,local,402,1,32,16,2,500,0.00117,263.38,2
1207,local,403,10,32,16,2,500,0.000686,263.95,0
1208,local,403,10,32,16,2,500,0.0008900000000000001,264.2,1
1209,local,403,10,32,16,2,500,0.000825,262.85,2
1210,local,404,100,32,16,2,500,0.0012,264.78,0
1211,local,404,100,32,16,2,500,0.00202,265.1,1
1212,local,404,100,32,16,2,500,0.0014399999999999999,264.98,2
1213,local,405,1,64,16,2,500,0.000196,264.59,0
1214,local,405,1,64,16,2,500,0.00107,264.03,1
1215,local,405,1,64,16,2,500,0.00199,264.08,2
1216,local,406,10,64,16,2,500,0.00121,262.9,0
1217,local,406,10,64,16,2,500,0.000768,264.11,1
1218,local,406,10,64,16,2,500,0.0012900000000000001,262.02,2
1219,local,407,100,64,16,2,500,0.0015400000000000001,269.93,0
1220,local,407,100,64,16,2,500,0.0020099999999999996,264.51,1
1221,local,407,100,64,16,2,500,0.00318,265.88,2
1222,local,408,1,8,32,2,500,0.00099,263.16,0
1223,local,408,1,8,32,2,500,0.00191,260.2,1
1224,local,408,1,8,32,2,500,0.00085,264.94,2
1225,local,409,10,8,32,2,500,0.00175,263.7,0
1226,local,409,10,8,32,2,500,0.00095,262.87,1
1227,local,409,10,8,32,2,500,0.00088,263.98,2
1228,local,410,100,8,32,2,500,0.0012,262.81,0
1229,local,410,100,8,32,2,500,0.00106,263.73,1
1230,local,410,100,8,32,2,500,0.0011799999999999998,264.43,2
1231,local,411,1,16,32,2,500,0.00093,264.63,0
1232,local,411,1,16,32,2,500,0.000753,264.02,1
1233,local,411,1,16,32,2,500,0.00098,262.09,2
1234,local,412,10,16,32,2,500,0.0009599999999999999,263.92,0
1235,local,412,10,16,32,2,500,0.0022299999999999998,262.18,1
1236,local,412,10,16,32,2,500,0.000579,263.79,2
1237,local,413,100,16,32,2,500,0.00076,264.01,0
1238,local,413,100,16,32,2,500,0.0014299999999999998,263.3,1
1239,local,413,100,16,32,2,500,0.00099,264.47,2
1240,local,414,1,32,32,2,500,0.00181,264.84,0
1241,local,414,1,32,32,2,500,0.0012,263.33,1
1242,local,414,1,32,32,2,500,0.0016799999999999999,261.92,2
1243,local,415,10,32,32,2,500,0.000528,264.39,0
1244,local,415,10,32,32,2,500,0.00098,262.98,1
1245,local,415,10,32,32,2,500,0.000829,263.81,2
1246,local,416,100,32,32,2,500,0.00086,263.76,0
1247,local,416,100,32,32,2,500,0.00277,262.39,1
1248,local,416,100,32,32,2,500,0.00121,262.99,2
1249,local,417,1,64,32,2,500,0.00127,263.86,0
1250,local,417,1,64,32,2,500,0.00091,262.86,1
1251,local,417,1,64,32,2,500,0.00114,263.23,2
1252,local,418,10,64,32,2,500,0.0012,264.43,0
1253,local,418,10,64,32,2,500,0.00151,264.83,1
1254,local,418,10,64,32,2,500,0.00102,266.04,2
1255,local,419,100,64,32,2,500,0.00244,272.69,0
1256,local,419,100,64,32,2,500,0.00289,267.45,1
1257,local,419,100,64,32,2,500,0.0027,269.97,2
1258,local,420,1,8,64,2,500,0.00102,263.88,0
1259,local,420,1,8,64,2,500,0.00101,264.23,1
1260,local,420,1,8,64,2,500,0.0012900000000000001,262.24,2
1261,local,421,10,8,64,2,500,0.00087,263.52,0
1262,local,421,10,8,64,2,500,0.00032,265.98,1
1263,local,421,10,8,64,2,500,0.00111,264.02,2
1264,local,422,100,8,64,2,500,0.00093,265.28,0
1265,local,422,100,8,64,2,500,0.00139,263.29,1
1266,local,422,100,8,64,2,500,0.0016799999999999999,262.22,2
1267,local,423,1,16,64,2,500,0.000827,264.92,0
1268,local,423,1,16,64,2,500,0.00085,264.34,1
1269,local,423,1,16,64,2,500,0.00094,263.68,2
1270,local,424,10,16,64,2,500,0.00108,265.33,0
1271,local,424,10,16,64,2,500,0.0011200000000000001,264.02,1
1272,local,424,10,16,64,2,500,0.000644,263.92,2
1273,local,425,100,16,64,2,500,0.000624,265.91,0
1274,local,425,100,16,64,2,500,0.00151,263.97,1
1275,local,425,100,16,64,2,500,0.0016799999999999999,264.01,2
1276,local,426,1,32,64,2,500,0.00114,264.27,0
1277,local,426,1,32,64,2,500,0.000469,263.05,1
1278,local,426,1,32,64,2,500,0.00088,263.39,2
1279,local,427,10,32,64,2,500,0.000336,262.19,0
1280,local,427,10,32,64,2,500,0.00158,263.19,1
1281,local,427,10,32,64,2,500,0.00541,264.32,2
1282,local,428,100,32,64,2,500,0.0009,266.63,0
1283,local,428,100,32,64,2,500,0.0017,262.44,1
1284,local,428,100,32,64,2,500,0.00116,265.36,2
1285,local,429,1,64,64,2,500,0.00091,263.64,0
1286,local,429,1,64,64,2,500,0.00106,263.25,1
1287,local,429,1,64,64,2,500,0.0013,262.78,2
1288,local,430,10,64,64,2,500,0.00101,261.74,0
1289,local,430,10,64,64,2,500,0.00102,263.58,1
1290,local,430,10,64,64,2,500,0.00095,264.39,2
1291,local,431,100,64,64,2,500,0.00481,261.81,0
1292,local,431,100,64,64,2,500,0.0016200000000000001,260.66,1
1293,local,431,100,64,64,2,500,0.0051600000000000005,263.91,2
1294,local,432,1,8,8,4,500,0.00157,131.1,0
1295,local,432,1,8,8,4,500,0.00155,132.02,1
1296,local,432,1,8,8,4,500,0.00125,130.46,2
1297,local,433,10,8,8,4,500,0.00135,130.09,0
1298,local,433,10,8,8,4,500,0.00161,130.54,1
1299,local,433,10,8,8,4,500,0.000504,130.34,2
1300,local,434,100,8,8,4,500,0.001,130.86,0
1301,local,434,100,8,8,4,500,0.00146,130.23,1
1302,local,434,100,8,8,4,500,0.0015,130.39,2
1303,local,435,1,16,8,4,500,0.000775,131.36,0
1304,local,435,1,16,8,4,500,0.00113,130.6,1
1305,local,435,1,16,8,4,500,0.001,130.38,2
1306,local,436,10,16,8,4,500,0.000804,132.75,0
1307,local,436,10,16,8,4,500,0.0014,130.07,1
1308,local,436,10,16,8,4,500,0.000632,129.47,2
1309,local,437,100,16,8,4,500,0.00131,130.63,0
1310,local,437,100,16,8,4,500,0.0016,130.32,1
1311,local,437,100,16,8,4,500,0.0018,130.18,2
1312,local,438,1,32,8,4,500,0.0011,129.78,0
1313,local,438,1,32,8,4,500,0.00122,130.51,1
1314,local,438,1,32,8,4,500,0.00108,130.71,2
1315,local,439,10,32,8,4,500,0.000434,130.59,0
1316,local,439,10,32,8,4,500,0.00139,130.67,1
1317,local,439,10,32,8,4,500,0.00107,129.29,2
1318,local,440,100,32,8,4,500,0.00126,131.46,0
1319,local,440,100,32,8,4,500,0.0015,131.49,1
1320,local,440,100,32,8,4,500,0.00111,129.95,2
1321,local,441,1,64,8,4,500,0.00136,129.8,0
1322,local,441,1,64,8,4,500,0.00113,130.73,1
1323,local,441,1,64,8,4,500,0.00138,131.23,2
1324,local,442,10,64,8,4,500,0.00114,129.22,0
1325,local,442,10,64,8,4,500,0.00117,130.44,1
1326,local,442,10,64,8,4,500,0.00101,130.61,2
1327,local,443,100,64,8,4,500,0.00278,130.6,0
1328,local,443,100,64,8,4,500,0.00346,130.79,1
1329,local,443,100,64,8,4,500,0.0024300000000000003,130.6,2
1330,local,444,1,8,16,4,500,0.00093,129.76,0
1331,local,444,1,8,16,4,500,0.00133,129.72,1
1332,local,444,1,8,16,4,500,0.0014399999999999999,131.95,2
1333,local,445,10,8,16,4,500,0.000841,130.38,0
1334,local,445,10,8,16,4,500,0.00102,130.7,1
1335,local,445,10,8,16,4,500,0.00073,131.09,2
1336,local,446,100,8,16,4,500,0.00088,131.81,0
1337,local,446,100,8,16,4,500,0.00232,130.39,1
1338,local,446,100,8,16,4,500,0.00093,130.46,2
1339,local,447,1,16,16,4,500,0.00125,131.17,0
1340,local,447,1,16,16,4,500,0.0014199999999999998,131.64,1
1341,local,447,1,16,16,4,500,0.00123,132.02,2
1342,local,448,10,16,16,4,500,0.00088,129.33,0
1343,local,448,10,16,16,4,500,0.0010500000000000002,130.84,1
1344,local,448,10,16,16,4,500,0.00127,130.03,2
1345,local,449,100,16,16,4,500,0.00221,130.75,0
1346,local,449,100,16,16,4,500,0.00087,131.12,1
1347,local,449,100,16,16,4,500,0.00136,131.4,2
1348,local,450,1,32,16,4,500,0.00094,129.42,0
1349,local,450,1,32,16,4,500,0.00121,131.5,1
1350,local,450,1,32,16,4,500,0.0010400000000000001,130.37,2
1351,local,451,10,32,16,4,500,0.00108,129.11,0
1352,local,451,10,32,16,4,500,0.00174,130.57,1
1353,local,451,10,32,16,4,500,0.00146,129.73,2
1354,local,452,100,32,16,4,500,0.00159,130.28,0
1355,local,452,100,32,16,4,500,0.0010400000000000001,129.41,1
1356,local,452,100,32,16,4,500,0.00125,130.35,2
1357,local,453,1,64,16,4,500,0.00117,130.14,0
1358,local,453,1,64,16,4,500,0.0014199999999999998,131.57,1
1359,local,453,1,64,16,4,500,0.00158,130.57,2
1360,local,454,10,64,16,4,500,0.00102,131.05,0
1361,local,454,10,64,16,4,500,0.00124,130.53,1
1362,local,454,10,64,16,4,500,0.0009699999999999999,131.68,2
1363,local,455,100,64,16,4,500,0.00335,130.93,0
1364,local,455,100,64,16,4,500,0.00404,131.22,1
1365,local,455,100,64,16,4,500,0.00254,131.07,2
1366,local,456,1,8,32,4,500,0.00214,130.73,0
1367,local,456,1,8,32,4,500,0.00138,130.59,1
1368,local,456,1,8,32,4,500,0.0011,129.92,2
1369,local,457,10,8,32,4,500,0.00116,130.6,0
1370,local,457,10,8,32,4,500,0.00092,131.39,1
1371,local,457,10,8,32,4,500,0.00094,129.55,2
1372,local,458,100,8,32,4,500,0.0018,130.69,0
1373,local,458,100,8,32,4,500,0.0009599999999999999,130.29,1
1374,local,458,100,8,32,4,500,0.0013,129.27,2
1375,local,459,1,16,32,4,500,0.00131,130.78,0
1376,local,459,1,16,32,4,500,0.00138,130.8,1
1377,local,459,1,16,32,4,500,0.00114,130.33,2
1378,local,460,10,16,32,4,500,0.00131,130.15,0
1379,local,460,10,16,32,4,500,0.00141,130.69,1
1380,local,460,10,16,32,4,500,0.00127,130.45,2
1381,local,461,100,16,32,4,500,0.00135,129.77,0
1382,local,461,100,16,32,4,500,0.00092,129.92,1
1383,local,461,100,16,32,4,500,0.0024300000000000003,130.11,2
1384,local,462,1,32,32,4,500,0.000521,129.36,0
1385,local,462,1,32,32,4,500,0.000264,129.56,1
1386,local,462,1,32,32,4,500,0.00106,129.74,2
1387,local,463,10,32,32,4,500,0.000234,129.06,0
1388,local,463,10,32,32,4,500,0.00108,130.5,1
1389,local,463,10,32,32,4,500,0.00099,130.25,2
1390,local,464,100,32,32,4,500,0.00117,130.48,0
1391,local,464,100,32,32,4,500,0.0014,130.08,1
1392,local,464,100,32,32,4,500,0.0016,130.23,2
1393,local,465,1,64,32,4,500,0.0010500000000000002,130.03,0
1394,local,465,1,64,32,4,500,0.00022,128.75,1
1395,local,465,1,64,32,4,500,0.00115,130.54,2
1396,local,466,10,64,32,4,500,0.00134,131.37,0
1397,local,466,10,64,32,4,500,0.00147,130.4,1
1398,local,466,10,64,32,4,500,0.00161,130.98,2
1399,local,467,100,64,32,4,500,0.004019999999999999,132.33,0
1400,local,467,100,64,32,4,500,0.00226,132.21,1
1401,local,467,100,64,32,4,500,0.00414,132.0,2
1402,local,468,1,8,64,4,500,0.00124,130.95,0
1403,local,468,1,8,64,4,500,0.00107,129.74,1
1404,local,468,1,8,64,4,500,0.00108,130.82,2
1405,local,469,10,8,64,4,500,0.00092,130.84,0
1406,local,469,10,8,64,4,500,0.00102,130.57,1
1407,local,469,10,8,64,4,500,0.0012,129.81,2
1408,local,470,100,8,64,4,500,0.0014299999999999998,129.07,0
1409,local,470,100,8,64,4,500,0.0011899999999999999,130.06,1
1410,local,470,100,8,64,4,500,0.00172,130.57,2
1411,local,471,1,16,64,4,500,0.00099,130.62,0
1412,local,471,1,16,64,4,500,0.00121,129.64,1
1413,local,471,1,16,64,4,500,0.0022,130.9,2
1414,local,472,10,16,64,4,500,0.00115,130.8,0
1415,local,472,10,16,64,4,500,0.0015300000000000001,129.95,1
1416,local,472,10,16,64,4,500,0.0010500000000000002,130.28,2
1417,local,473,100,16,64,4,500,0.0015400000000000001,130.84,0
1418,local,473,100,16,64,4,500,0.000633,129.83,1
1419,local,473,100,16,64,4,500,0.00108,131.01,2
1420,local,474,1,32,64,4,500,0.00102,130.98,0
1421,local,474,1,32,64,4,500,0.0012900000000000001,131.11,1
1422,local,474,1,32,64,4,500,0.000844,130.38,2
1423,local,475,10,32,64,4,500,0.00109,130.95,0
1424,local,475,10,32,64,4,500,0.0014,130.0,1
1425,local,475,10,32,64,4,500,0.00108,130.53,2
1426,local,476,100,32,64,4,500,0.0016799999999999999,131.62,0
1427,local,476,100,32,64,4,500,0.00225,131.06,1
1428,local,476,100,32,64,4,500,0.00233,131.85,2
1429,local,477,1,64,64,4,500,0.0011,130.13,0
1430,local,477,1,64,64,4,500,0.00121,131.18,1
1431,local,477,1,64,64,4,500,0.000544,129.67,2
1432,local,478,10,64,64,4,500,0.000699,130.83,0
1433,local,478,10,64,64,4,500,0.00149,131.75,1
1434,local,478,10,64,64,4,500,0.00127,131.73,2
1435,local,479,100,64,64,4,500,0.0030800000000000003,131.7,0
1436,local,479,100,64,64,4,500,0.0035099999999999997,131.22,1
1437,local,479,100,64,64,4,500,0.00537,132.02,2
1438,local,480,1,8,8,6,500,0.00135,86.47,0
1439,local,480,1,8,8,6,500,0.000751,85.24,1
1440,local,480,1,8,8,6,500,0.00023,84.62,2
1441,local,481,10,8,8,6,500,0.00103,86.74,0
1442,local,481,10,8,8,6,500,0.000846,86.43,1
1443,local,481,10,8,8,6,500,0.00102,86.02,2
1444,local,482,100,8,8,6,500,0.00174,86.52,0
1445,local,482,100,8,8,6,500,0.0014,86.21,1
1446,local,482,100,8,8,6,500,0.00102,85.7,2
1447,local,483,1,16,8,6,500,0.00115,87.27,0
1448,local,483,1,16,8,6,500,0.0011799999999999998,85.88,1
1449,local,483,1,16,8,6,500,0.00101,87.0,2
1450,local,484,10,16,8,6,500,0.00121,86.47,0
1451,local,484,10,16,8,6,500,0.0009599999999999999,85.77,1
1452,local,484,10,16,8,6,500,0.00122,86.64,2
1453,local,485,100,16,8,6,500,0.0015300000000000001,87.12,0
1454,local,485,100,16,8,6,500,0.00164,87.18,1
1455,local,485,100,16,8,6,500,0.00136,86.11,2
1456,local,486,1,32,8,6,500,0.000737,85.8,0
1457,local,486,1,32,8,6,500,0.00086,84.84,1
1458,local,486,1,32,8,6,500,0.000737,84.95,2
1459,local,487,10,32,8,6,500,0.000639,85.67,0
1460,local,487,10,32,8,6,500,0.00125,86.43,1
1461,local,487,10,32,8,6,500,0.000691,85.0,2
1462,local,488,100,32,8,6,500,0.0013,85.9,0
1463,local,488,100,32,8,6,500,0.0016699999999999998,86.1,1
1464,local,488,100,32,8,6,500,0.0011,85.65,2
1465,local,489,1,64,8,6,500,0.00133,86.1,0
1466,local,489,1,64,8,6,500,0.00123,86.97,1
1467,local,489,1,64,8,6,500,0.00164,87.45,2
1468,local,490,10,64,8,6,500,0.00156,86.45,0
1469,local,490,10,64,8,6,500,0.0012,85.84,1
1470,local,490,10,64,8,6,500,0.00117,86.19,2
1471,local,491,100,64,8,6,500,0.00244,85.84,0
1472,local,491,100,64,8,6,500,0.00216,85.61,1
1473,local,491,100,64,8,6,500,0.0028399999999999996,86.47,2
1474,local,492,1,8,16,6,500,0.00122,86.19,0
1475,local,492,1,8,16,6,500,0.00164,86.0,1
1476,local,492,1,8,16,6,500,0.00111,86.19,2
1477,local,493,10,8,16,6,500,0.00106,85.72,0
1478,local,493,10,8,16,6,500,0.00146,86.6,1
1479,local,493,10,8,16,6,500,0.00109,85.4,2
1480,local,494,100,8,16,6,500,0.000634,85.1,0
1481,local,494,100,8,16,6,500,0.0015300000000000001,85.33,1
1482,local,494,100,8,16,6,500,0.000652,84.94,2
1483,local,495,1,16,16,6,500,0.00101,85.9,0
1484,local,495,1,16,16,6,500,0.00135,86.95,1
1485,local,495,1,16,16,6,500,0.00135,85.9,2
1486,local,496,10,16,16,6,500,0.00099,86.68,0
1487,local,496,10,16,16,6,500,0.000722,85.69,1
1488,local,496,10,16,16,6,500,0.00127,86.38,2
1489,local,497,100,16,16,6,500,0.0015,85.45,0
1490,local,497,100,16,16,6,500,0.00123,87.89,1
1491,local,497,100,16,16,6,500,0.00174,85.66,2
1492,local,498,1,32,16,6,500,0.00093,85.39,0
1493,local,498,1,32,16,6,500,0.0010400000000000001,85.95,1
1494,local,498,1,32,16,6,500,0.00145,86.71,2
1495,local,499,10,32,16,6,500,0.00107,86.12,0
1496,local,499,10,32,16,6,500,0.00151,86.54,1
1497,local,499,10,32,16,6,500,0.0011,86.21,2
1498,local,500,100,32,16,6,500,0.00196,86.71,0
1499,local,500,100,32,16,6,500,0.000518,84.95,1
1500,local,500,100,32,16,6,500,0.000457,84.89,2
1501,local,501,1,64,16,6,500,0.00188,87.42,0
1502,local,501,1,64,16,6,500,0.0014299999999999998,86.52,1
1503,local,501,1,64,16,6,500,0.0009699999999999999,85.54,2
1504,local,502,10,64,16,6,500,0.0012,85.58,0
1505,local,502,10,64,16,6,500,0.00145,86.59,1
1506,local,502,10,64,16,6,500,0.00133,86.07,2
1507,local,503,100,64,16,6,500,0.00366,86.12,0
1508,local,503,100,64,16,6,500,0.00271,87.16,1
1509,local,503,100,64,16,6,500,0.000249,85.17,2
1510,local,504,1,8,32,6,500,0.00126,86.94,0
1511,local,504,1,8,32,6,500,0.00111,87.24,1
1512,local,504,1,8,32,6,500,0.00149,86.07,2
1513,local,505,10,8,32,6,500,0.00102,85.37,0
1514,local,505,10,8,32,6,500,0.00111,87.49,1
1515,local,505,10,8,32,6,500,0.00133,85.61,2
1516,local,506,100,8,32,6,500,0.00095,86.1,0
1517,local,506,100,8,32,6,500,0.00106,86.0,1
1518,local,506,100,8,32,6,500,0.0011200000000000001,86.38,2
1519,local,507,1,16,32,6,500,0.000358,84.86,0
1520,local,507,1,16,32,6,500,0.000213,84.87,1
1521,local,507,1,16,32,6,500,0.0008900000000000001,85.24,2
1522,local,508,10,16,32,6,500,0.00115,86.61,0
1523,local,508,10,16,32,6,500,0.0014299999999999998,85.23,1
1524,local,508,10,16,32,6,500,0.00115,85.24,2
1525,local,509,100,16,32,6,500,0.00188,85.88,0
1526,local,509,100,16,32,6,500,0.0014399999999999999,86.6,1
1527,local,509,100,16,32,6,500,0.0016699999999999998,85.96,2
1528,local,510,1,32,32,6,500,0.000586,84.77,0
1529,local,510,1,32,32,6,500,0.00102,85.15,1
1530,local,510,1,32,32,6,500,0.00155,87.23,2
1531,local,511,10,32,32,6,500,0.00108,85.85,0
1532,local,511,10,32,32,6,500,0.00086,86.14,1
1533,local,511,10,32,32,6,500,0.000432,85.09,2
1534,local,512,100,32,32,6,500,0.00147,86.95,0
1535,local,512,100,32,32,6,500,0.0014,85.85,1
1536,local,512,100,32,32,6,500,0.00182,86.33,2
1537,local,513,1,64,32,6,500,0.000788,85.24,0
1538,local,513,1,64,32,6,500,0.00136,86.81,1
1539,local,513,1,64,32,6,500,0.0019,86.16,2
1540,local,514,10,64,32,6,500,0.0006,86.11,0
1541,local,514,10,64,32,6,500,0.00172,85.1,1
1542,local,514,10,64,32,6,500,0.00103,86.2,2
1543,local,515,100,64,32,6,500,0.00102,85.33,0
1544,local,515,100,64,32,6,500,0.0031,85.9,1
1545,local,515,100,64,32,6,500,0.00319,85.87,2
1546,local,516,1,8,64,6,500,0.0008900000000000001,85.87,0
1547,local,516,1,8,64,6,500,0.0010400000000000001,86.31,1
1548,local,516,1,8,64,6,500,0.0010400000000000001,85.18,2
1549,local,517,10,8,64,6,500,0.0010500000000000002,86.67,0
1550,local,517,10,8,64,6,500,0.0021000000000000003,87.42,1
1551,local,517,10,8,64,6,500,0.0010500000000000002,85.39,2
1552,local,518,100,8,64,6,500,0.0015400000000000001,86.82,0
1553,local,518,100,8,64,6,500,0.0025099999999999996,86.73,1
1554,local,518,100,8,64,6,500,0.00146,86.98,2
1555,local,519,1,16,64,6,500,0.00349,86.67,0
1556,local,519,1,16,64,6,500,0.00123,85.55,1
1557,local,519,1,16,64,6,500,0.00106,85.77,2
1558,local,520,10,16,64,6,500,0.0015400000000000001,87.37,0
1559,local,520,10,16,64,6,500,0.000322,84.82,1
1560,local,520,10,16,64,6,500,0.00092,85.64,2
1561,local,521,100,16,64,6,500,0.00206,85.39,0
1562,local,521,100,16,64,6,500,0.00237,86.86,1
1563,local,521,100,16,64,6,500,0.0022,87.04,2
1564,local,522,1,32,64,6,500,0.00086,86.07,0
1565,local,522,1,32,64,6,500,0.00098,85.27,1
1566,local,522,1,32,64,6,500,0.00086,85.79,2
1567,local,523,10,32,64,6,500,0.00017,84.73,0
1568,local,523,10,32,64,6,500,0.00158,86.25,1
1569,local,523,10,32,64,6,500,0.00111,85.5,2
1570,local,524,100,32,64,6,500,0.00211,85.63,0
1571,local,524,100,32,64,6,500,0.00231,85.83,1
1572,local,524,100,32,64,6,500,0.00283,86.09,2
1573,local,525,1,64,64,6,500,0.00121,85.19,0
1574,local,525,1,64,64,6,500,0.00087,86.13,1
1575,local,525,1,64,64,6,500,0.000752,84.95,2
1576,local,526,10,64,64,6,500,0.00152,85.53,0
1577,local,526,10,64,64,6,500,0.00183,85.77,1
1578,local,526,10,64,64,6,500,0.0020499999999999997,87.02,2
1579,local,527,100,64,64,6,500,0.00539,86.55,0
1580,local,527,100,64,64,6,500,0.00249,86.31,1
1581,local,527,100,64,64,6,500,0.00643,87.16,2
1582,local,528,1,8,8,8,500,0.00133,64.09,0
1583,local,528,1,8,8,8,500,0.000161,63.41,1
1584,local,528,1,8,8,8,500,0.00127,64.58,2
1585,local,529,10,8,8,8,500,0.00135,63.8,0
1586,local,529,10,8,8,8,500,0.00103,64.0,1
1587,local,529,10,8,8,8,500,0.0011200000000000001,63.39,2
1588,local,530,100,8,8,8,500,0.0009599999999999999,63.61,0
1589,local,530,100,8,8,8,500,0.0019299999999999999,64.58,1
1590,local,530,100,8,8,8,500,0.00171,64.5,2
1591,local,531,1,16,8,8,500,0.0015400000000000001,64.42,0
1592,local,531,1,16,8,8,500,0.00159,64.92,1
1593,local,531,1,16,8,8,500,0.000547,63.42,2
1594,local,532,10,16,8,8,500,0.00116,64.03,0
1595,local,532,10,16,8,8,500,0.00141,63.75,1
1596,local,532,10,16,8,8,500,0.00146,64.83,2
1597,local,533,100,16,8,8,500,0.00138,63.74,0
1598,local,533,100,16,8,8,500,0.00164,65.19,1
1599,local,533,100,16,8,8,500,0.00204,64.21,2
1600,local,534,1,32,8,8,500,0.00132,64.79,0
1601,local,534,1,32,8,8,500,0.0014299999999999998,63.91,1
1602,local,534,1,32,8,8,500,0.0011,64.08,2
1603,local,535,10,32,8,8,500,0.00189,64.1,0
1604,local,535,10,32,8,8,500,0.00126,64.08,1
1605,local,535,10,32,8,8,500,0.00125,64.51,2
1606,local,536,100,32,8,8,500,0.00159,64.22,0
1607,local,536,100,32,8,8,500,0.0010400000000000001,64.44,1
1608,local,536,100,32,8,8,500,0.00166,64.42,2
1609,local,537,1,64,8,8,500,0.00134,63.97,0
1610,local,537,1,64,8,8,500,0.0010500000000000002,63.87,1
1611,local,537,1,64,8,8,500,0.000774,63.59,2
1612,local,538,10,64,8,8,500,0.0020800000000000003,65.4,0
1613,local,538,10,64,8,8,500,0.00166,64.54,1
1614,local,538,10,64,8,8,500,0.0014299999999999998,64.04,2
1615,local,539,100,64,8,8,500,0.00299,64.02,0
1616,local,539,100,64,8,8,500,0.00415,64.42,1
1617,local,539,100,64,8,8,500,0.00393,64.82,2
1618,local,540,1,8,16,8,500,0.00116,64.59,0
1619,local,540,1,8,16,8,500,0.00033,63.5,1
1620,local,540,1,8,16,8,500,0.001,63.91,2
1621,local,541,10,8,16,8,500,0.00134,63.8,0
1622,local,541,10,8,16,8,500,0.0011799999999999998,64.33,1
1623,local,541,10,8,16,8,500,0.00117,64.08,2
1624,local,542,100,8,16,8,500,0.00157,64.93,0
1625,local,542,100,8,16,8,500,0.0015400000000000001,64.63,1
1626,local,542,100,8,16,8,500,0.00204,64.63,2
1627,local,543,1,16,16,8,500,0.00122,64.34,0
1628,local,543,1,16,16,8,500,0.00093,63.87,1
1629,local,543,1,16,16,8,500,0.00204,63.68,2
1630,local,544,10,16,16,8,500,0.00134,65.05,0
1631,local,544,10,16,16,8,500,0.00098,64.13,1
1632,local,544,10,16,16,8,500,0.00166,65.22,2
1633,local,545,100,16,16,8,500,0.00221,64.72,0
1634,local,545,100,16,16,8,500,0.00191,64.81,1
1635,local,545,100,16,16,8,500,0.00166,63.96,2
1636,local,546,1,32,16,8,500,0.0015300000000000001,64.31,0
1637,local,546,1,32,16,8,500,0.00163,65.03,1
1638,local,546,1,32,16,8,500,0.00141,63.56,2
1639,local,547,10,32,16,8,500,0.00095,63.72,0
1640,local,547,10,32,16,8,500,0.00156,64.06,1
1641,local,547,10,32,16,8,500,0.0008900000000000001,64.26,2
1642,local,548,100,32,16,8,500,0.0016799999999999999,65.34,0
1643,local,548,100,32,16,8,500,0.00217,64.56,1
1644,local,548,100,32,16,8,500,0.0019399999999999999,64.59,2
1645,local,549,1,64,16,8,500,0.0028599999999999997,64.26,0
1646,local,549,1,64,16,8,500,0.00116,63.99,1
1647,local,549,1,64,16,8,500,0.00231,64.34,2
1648,local,550,10,64,16,8,500,0.000183,63.39,0
1649,local,550,10,64,16,8,500,0.00177,64.71,1
1650,local,550,10,64,16,8,500,0.00088,63.61,2
1651,local,551,100,64,16,8,500,0.000286,63.59,0
1652,local,551,100,64,16,8,500,0.00398,65.09,1
1653,local,551,100,64,16,8,500,0.00437,64.34,2
1654,local,552,1,8,32,8,500,0.00134,64.45,0
1655,local,552,1,8,32,8,500,0.00128,64.54,1
1656,local,552,1,8,32,8,500,0.00171,64.1,2
1657,local,553,10,8,32,8,500,0.00147,64.87,0
1658,local,553,10,8,32,8,500,0.000423,63.64,1
1659,local,553,10,8,32,8,500,0.00163,64.77,2
1660,local,554,100,8,32,8,500,0.00138,65.31,0
1661,local,554,100,8,32,8,500,0.0013700000000000001,64.8,1
1662,local,554,100,8,32,8,500,0.000847,64.75,2
1663,local,555,1,16,32,8,500,0.000846,64.2,0
1664,local,555,1,16,32,8,500,0.0016,64.73,1
1665,local,555,1,16,32,8,500,0.00128,64.96,2
1666,local,556,10,16,32,8,500,0.0015300000000000001,65.26,0
1667,local,556,10,16,32,8,500,0.0010400000000000001,64.48,1
1668,local,556,10,16,32,8,500,0.000282,63.41,2
1669,local,557,100,16,32,8,500,0.000389,63.67,0
1670,local,557,100,16,32,8,500,0.000677,63.59,1
1671,local,557,100,16,32,8,500,0.00215,64.27,2
1672,local,558,1,32,32,8,500,0.00181,64.97,0
1673,local,558,1,32,32,8,500,0.00093,63.68,1
1674,local,558,1,32,32,8,500,0.00122,64.29,2
1675,local,559,10,32,32,8,500,0.00145,64.28,0
1676,local,559,10,32,32,8,500,0.00094,63.78,1
1677,local,559,10,32,32,8,500,0.00202,63.81,2
1678,local,560,100,32,32,8,500,0.0023799999999999997,64.5,0
1679,local,560,100,32,32,8,500,0.00267,63.57,1
1680,local,560,100,32,32,8,500,0.000253,63.42,2
1681,local,561,1,64,32,8,500,0.000451,63.55,0
1682,local,561,1,64,32,8,500,0.00113,64.18,1
1683,local,561,1,64,32,8,500,0.000784,63.77,2
1684,local,562,10,64,32,8,500,0.00197,63.95,0
1685,local,562,10,64,32,8,500,0.0011899999999999999,63.66,1
1686,local,562,10,64,32,8,500,0.00273,64.17,2
1687,local,563,100,64,32,8,500,0.00145,64.14,0
1688,local,563,100,64,32,8,500,0.00466,63.83,1
1689,local,563,100,64,32,8,500,0.0031,64.36,2
1690,local,564,1,8,64,8,500,0.00177,64.41,0
1691,local,564,1,8,64,8,500,0.00117,64.6,1
1692,local,564,1,8,64,8,500,0.000549,63.6,2
1693,local,565,10,8,64,8,500,0.00155,64.2,0
1694,local,565,10,8,64,8,500,0.00133,64.7,1
1695,local,565,10,8,64,8,500,0.00156,64.92,2
1696,local,566,100,8,64,8,500,0.00163,64.58,0
1697,local,566,100,8,64,8,500,0.0016,64.62,1
1698,local,566,100,8,64,8,500,0.0014399999999999999,64.18,2
1699,local,567,1,16,64,8,500,0.00115,64.33,0
1700,local,567,1,16,64,8,500,0.0011,64.27,1
1701,local,567,1,16,64,8,500,0.00149,64.72,2
1702,local,568,10,16,64,8,500,0.00219,64.13,0
1703,local,568,10,16,64,8,500,0.000731,63.69,1
1704,local,568,10,16,64,8,500,0.00146,64.83,2
1705,local,569,100,16,64,8,500,0.00046,63.7,0
1706,local,569,100,16,64,8,500,0.00229,64.59,1
1707,local,569,100,16,64,8,500,0.00207,63.8,2
1708,local,570,1,32,64,8,500,0.00197,64.73,0
1709,local,570,1,32,64,8,500,0.00132,64.36,1
1710,local,570,1,32,64,8,500,0.0011899999999999999,64.01,2
1711,local,571,10,32,64,8,500,0.000172,63.41,0
1712,local,571,10,32,64,8,500,0.0017800000000000001,64.13,1
1713,local,571,10,32,64,8,500,0.00114,63.96,2
1714,local,572,100,32,64,8,500,0.00267,64.28,0
1715,local,572,100,32,64,8,500,0.00138,63.91,1
1716,local,572,100,32,64,8,500,0.00209,63.65,2
1717,local,573,1,64,64,8,500,0.0011799999999999998,63.81,0
1718,local,573,1,64,64,8,500,0.0012,63.81,1
1719,local,573,1,64,64,8,500,0.00209,64.55,2
1720,local,574,10,64,64,8,500,0.00188,64.59,0
1721,local,574,10,64,64,8,500,0.00261,64.83,1
1722,local,574,10,64,64,8,500,0.00172,64.21,2
1723,local,575,100,64,64,8,500,0.00458,64.65,0
1724,local,575,100,64,64,8,500,0.00531,65.08,1
1725,local,575,100,64,64,8,500,0.0072699999999999996,64.54,2
